timestamp,value,label
01.10.14 00:00,12751,0
01.10.14 00:30,8767,0
01.10.14 01:00,7005,0
01.10.14 01:30,5257,0
01.10.14 02:00,4189,0
01.10.14 02:30,3236,0
01.10.14 03:00,2817,0
01.10.14 03:30,2527,0
01.10.14 04:00,2406,0
01.10.14 04:30,1961,0
01.10.14 05:00,2478,0
01.10.14 05:30,4483,0
01.10.14 06:00,7002,0
01.10.14 06:30,11917,0
01.10.14 07:00,15929,0
01.10.14 07:30,20327,0
01.10.14 08:00,20974,0
01.10.14 08:30,20999,0
01.10.14 09:00,19639,0
01.10.14 09:30,19221,0
01.10.14 10:00,17308,0
01.10.14 10:30,17140,0
01.10.14 11:00,16773,0
01.10.14 11:30,19397,0
01.10.14 12:00,18697,0
01.10.14 12:30,18042,0
01.10.14 13:00,17332,0
01.10.14 13:30,17585,0
01.10.14 14:00,18263,0
01.10.14 14:30,18842,0
01.10.14 15:00,18583,0
01.10.14 15:30,17301,0
01.10.14 16:00,15060,0
01.10.14 16:30,14201,0
01.10.14 17:00,16655,0
01.10.14 17:30,19964,0
01.10.14 18:00,22960,0
01.10.14 18:30,23759,0
01.10.14 19:00,25024,0
01.10.14 19:30,25414,0
01.10.14 20:00,24917,0
01.10.14 20:30,24348,0
01.10.14 21:00,24248,0
01.10.14 21:30,24669,0
01.10.14 22:00,23132,0
01.10.14 22:30,22753,0
01.10.14 23:00,20371,0
01.10.14 23:30,17313,0
02.10.14 00:00,13534,0
02.10.14 00:30,10485,0
02.10.14 01:00,7944,0
02.10.14 01:30,6030,0
02.10.14 02:00,4867,0
02.10.14 02:30,3812,0
02.10.14 03:00,3251,0
02.10.14 03:30,2738,0
02.10.14 04:00,2755,0
02.10.14 04:30,2221,0
02.10.14 05:00,2363,0
02.10.14 05:30,4351,0
02.10.14 06:00,6835,0
02.10.14 06:30,11982,0
02.10.14 07:00,15844,0
02.10.14 07:30,19853,0
02.10.14 08:00,20187,0
02.10.14 08:30,20480,0
02.10.14 09:00,19531,0
02.10.14 09:30,18873,0
02.10.14 10:00,17534,0
02.10.14 10:30,17803,0
02.10.14 11:00,16994,0
02.10.14 11:30,18149,0
02.10.14 12:00,18251,0
02.10.14 12:30,17723,0
02.10.14 13:00,17104,0
02.10.14 13:30,18124,0
02.10.14 14:00,18680,0
02.10.14 14:30,19364,0
02.10.14 15:00,19044,0
02.10.14 15:30,16883,0
02.10.14 16:00,14389,0
02.10.14 16:30,13866,0
02.10.14 17:00,17005,0
02.10.14 17:30,20674,0
02.10.14 18:00,22678,0
02.10.14 18:30,23225,0
02.10.14 19:00,25012,0
02.10.14 19:30,25574,0
02.10.14 20:00,25301,0
02.10.14 20:30,25391,0
02.10.14 21:00,25520,0
02.10.14 21:30,25582,0
02.10.14 22:00,24848,0
02.10.14 22:30,24100,0
02.10.14 23:00,23336,0
02.10.14 23:30,21549,0
03.10.14 00:00,18003,0
03.10.14 00:30,15266,0
03.10.14 01:00,12130,0
03.10.14 01:30,9847,0
03.10.14 02:00,8022,0
03.10.14 02:30,6508,0
03.10.14 03:00,5309,0
03.10.14 03:30,4339,0
03.10.14 04:00,4202,0
03.10.14 04:30,3358,0
03.10.14 05:00,3083,0
03.10.14 05:30,4391,0
03.10.14 06:00,6769,0
03.10.14 06:30,11309,0
03.10.14 07:00,14866,0
03.10.14 07:30,18942,0
03.10.14 08:00,19693,0
03.10.14 08:30,19776,0
03.10.14 09:00,19309,0
03.10.14 09:30,18801,0
03.10.14 10:00,17108,0
03.10.14 10:30,16952,0
03.10.14 11:00,17108,0
03.10.14 11:30,17927,0
03.10.14 12:00,18426,0
03.10.14 12:30,17340,0
03.10.14 13:00,17150,0
03.10.14 13:30,17581,0
03.10.14 14:00,18924,0
03.10.14 14:30,19602,0
03.10.14 15:00,18893,0
03.10.14 15:30,16691,0
03.10.14 16:00,15332,0
03.10.14 16:30,14661,0
03.10.14 17:00,18110,0
03.10.14 17:30,22624,0
03.10.14 18:00,25209,0
03.10.14 18:30,24975,0
03.10.14 19:00,26477,0
03.10.14 19:30,27165,0
03.10.14 20:00,25960,0
03.10.14 20:30,25435,0
03.10.14 21:00,24847,0
03.10.14 21:30,25174,0
03.10.14 22:00,25419,0
03.10.14 22:30,25904,0
03.10.14 23:00,24543,0
03.10.14 23:30,24513,0
04.10.14 00:00,23316,0
04.10.14 00:30,22311,0
04.10.14 01:00,20470,0
04.10.14 01:30,18629,0
04.10.14 02:00,17120,0
04.10.14 02:30,15544,0
04.10.14 03:00,14012,0
04.10.14 03:30,11425,0
04.10.14 04:00,9541,0
04.10.14 04:30,5912,0
04.10.14 05:00,3832,0
04.10.14 05:30,3230,0
04.10.14 06:00,3425,0
04.10.14 06:30,4159,0
04.10.14 07:00,4720,0
04.10.14 07:30,5848,0
04.10.14 08:00,6901,0
04.10.14 08:30,9611,0
04.10.14 09:00,11626,0
04.10.14 09:30,14814,0
04.10.14 10:00,16839,0
04.10.14 10:30,18245,0
04.10.14 11:00,18230,0
04.10.14 11:30,18322,0
04.10.14 12:00,18541,0
04.10.14 12:30,18062,0
04.10.14 13:00,18008,0
04.10.14 13:30,18784,0
04.10.14 14:00,17708,0
04.10.14 14:30,17998,0
04.10.14 15:00,18033,0
04.10.14 15:30,17851,0
04.10.14 16:00,17046,0
04.10.14 16:30,17241,0
04.10.14 17:00,19295,0
04.10.14 17:30,21740,0
04.10.14 18:00,22729,0
04.10.14 18:30,23854,0
04.10.14 19:00,25857,0
04.10.14 19:30,26490,0
04.10.14 20:00,24115,0
04.10.14 20:30,23384,0
04.10.14 21:00,23515,0
04.10.14 21:30,24476,0
04.10.14 22:00,24455,0
04.10.14 22:30,25474,0
04.10.14 23:00,25811,0
04.10.14 23:30,25847,0
05.10.14 00:00,25224,0
05.10.14 00:30,23248,0
05.10.14 01:00,22772,0
05.10.14 01:30,20671,0
05.10.14 02:00,19208,0
05.10.14 02:30,17300,0
05.10.14 03:00,15260,0
05.10.14 03:30,12970,0
05.10.14 04:00,11168,0
05.10.14 04:30,6678,0
05.10.14 05:00,4321,0
05.10.14 05:30,3259,0
05.10.14 06:00,3277,0
05.10.14 06:30,4072,0
05.10.14 07:00,4566,0
05.10.14 07:30,5973,0
05.10.14 08:00,7209,0
05.10.14 08:30,8999,0
05.10.14 09:00,10669,0
05.10.14 09:30,12678,0
05.10.14 10:00,14511,0
05.10.14 10:30,16953,0
05.10.14 11:00,17817,0
05.10.14 11:30,18894,0
05.10.14 12:00,18505,0
05.10.14 12:30,19227,0
05.10.14 13:00,18361,0
05.10.14 13:30,18014,0
05.10.14 14:00,17486,0
05.10.14 14:30,17816,0
05.10.14 15:00,17364,0
05.10.14 15:30,16871,0
05.10.14 16:00,15497,0
05.10.14 16:30,15185,0
05.10.14 17:00,16114,0
05.10.14 17:30,18312,0
05.10.14 18:00,19793,0
05.10.14 18:30,19706,0
05.10.14 19:00,20198,0
05.10.14 19:30,19790,0
05.10.14 20:00,18192,0
05.10.14 20:30,17701,0
05.10.14 21:00,16484,0
05.10.14 21:30,16626,0
05.10.14 22:00,14889,0
05.10.14 22:30,14114,0
05.10.14 23:00,11870,0
05.10.14 23:30,10041,0
06.10.14 00:00,7997,0
06.10.14 00:30,5689,0
06.10.14 01:00,4351,0
06.10.14 01:30,3348,0
06.10.14 02:00,2809,0
06.10.14 02:30,2193,0
06.10.14 03:00,1752,0
06.10.14 03:30,1731,0
06.10.14 04:00,1994,0
06.10.14 04:30,2178,0
06.10.14 05:00,2787,0
06.10.14 05:30,4578,0
06.10.14 06:00,6816,0
06.10.14 06:30,11243,0
06.10.14 07:00,14265,0
06.10.14 07:30,17395,0
06.10.14 08:00,18327,0
06.10.14 08:30,17729,0
06.10.14 09:00,17870,0
06.10.14 09:30,16982,0
06.10.14 10:00,15335,0
06.10.14 10:30,15998,0
06.10.14 11:00,15414,0
06.10.14 11:30,16233,0
06.10.14 12:00,16499,0
06.10.14 12:30,16380,0
06.10.14 13:00,15414,0
06.10.14 13:30,16720,0
06.10.14 14:00,17137,0
06.10.14 14:30,18046,0
06.10.14 15:00,18110,0
06.10.14 15:30,17087,0
06.10.14 16:00,15794,0
06.10.14 16:30,15965,0
06.10.14 17:00,18732,0
06.10.14 17:30,21107,0
06.10.14 18:00,23450,0
06.10.14 18:30,24200,0
06.10.14 19:00,24518,0
06.10.14 19:30,23704,0
06.10.14 20:00,22112,0
06.10.14 20:30,20986,0
06.10.14 21:00,21032,0
06.10.14 21:30,19963,0
06.10.14 22:00,18986,0
06.10.14 22:30,17125,0
06.10.14 23:00,15528,0
06.10.14 23:30,11610,0
07.10.14 00:00,9469,0
07.10.14 00:30,6605,0
07.10.14 01:00,5283,0
07.10.14 01:30,4152,0
07.10.14 02:00,3319,0
07.10.14 02:30,2432,0
07.10.14 03:00,1968,0
07.10.14 03:30,1769,0
07.10.14 04:00,2018,0
07.10.14 04:30,1933,0
07.10.14 05:00,2240,0
07.10.14 05:30,4305,0
07.10.14 06:00,6719,0
07.10.14 06:30,11392,0
07.10.14 07:00,14960,0
07.10.14 07:30,18975,0
07.10.14 08:00,19602,0
07.10.14 08:30,19572,0
07.10.14 09:00,18772,0
07.10.14 09:30,17757,0
07.10.14 10:00,16706,0
07.10.14 10:30,16601,0
07.10.14 11:00,15673,0
07.10.14 11:30,16929,0
07.10.14 12:00,17435,0
07.10.14 12:30,16953,0
07.10.14 13:00,16417,0
07.10.14 13:30,17022,0
07.10.14 14:00,17540,0
07.10.14 14:30,18417,0
07.10.14 15:00,18698,0
07.10.14 15:30,16193,0
07.10.14 16:00,14544,0
07.10.14 16:30,13864,0
07.10.14 17:00,17041,0
07.10.14 17:30,20434,0
07.10.14 18:00,23029,0
07.10.14 18:30,23711,0
07.10.14 19:00,24817,0
07.10.14 19:30,24933,0
07.10.14 20:00,24002,0
07.10.14 20:30,23651,0
07.10.14 21:00,23764,0
07.10.14 21:30,23224,0
07.10.14 22:00,22020,0
07.10.14 22:30,22214,0
07.10.14 23:00,21446,0
07.10.14 23:30,15974,0
08.10.14 00:00,12484,0
08.10.14 00:30,9130,0
08.10.14 01:00,6693,0
08.10.14 01:30,5333,0
08.10.14 02:00,3820,0
08.10.14 02:30,3065,0
08.10.14 03:00,2511,0
08.10.14 03:30,2299,0
08.10.14 04:00,2318,0
08.10.14 04:30,2125,0
08.10.14 05:00,2484,0
08.10.14 05:30,4358,0
08.10.14 06:00,6790,0
08.10.14 06:30,11660,0
08.10.14 07:00,15780,0
08.10.14 07:30,19516,0
08.10.14 08:00,20307,0
08.10.14 08:30,19954,0
08.10.14 09:00,18254,0
08.10.14 09:30,18010,0
08.10.14 10:00,17206,0
08.10.14 10:30,17213,0
08.10.14 11:00,16691,0
08.10.14 11:30,18259,0
08.10.14 12:00,18151,0
08.10.14 12:30,17555,0
08.10.14 13:00,16944,0
08.10.14 13:30,17728,0
08.10.14 14:00,18074,0
08.10.14 14:30,18993,0
08.10.14 15:00,18695,0
08.10.14 15:30,17191,0
08.10.14 16:00,15023,0
08.10.14 16:30,14164,0
08.10.14 17:00,17004,0
08.10.14 17:30,20361,0
08.10.14 18:00,23633,0
08.10.14 18:30,24661,0
08.10.14 19:00,25754,0
08.10.14 19:30,25671,0
08.10.14 20:00,25156,0
08.10.14 20:30,24961,0
08.10.14 21:00,24938,0
08.10.14 21:30,24851,0
08.10.14 22:00,24683,0
08.10.14 22:30,23411,0
08.10.14 23:00,20599,0
08.10.14 23:30,17147,0
09.10.14 00:00,13602,0
09.10.14 00:30,10452,0
09.10.14 01:00,7836,0
09.10.14 01:30,6040,0
09.10.14 02:00,4981,0
09.10.14 02:30,3613,0
09.10.14 03:00,2923,0
09.10.14 03:30,2632,0
09.10.14 04:00,2912,0
09.10.14 04:30,2577,0
09.10.14 05:00,2921,0
09.10.14 05:30,4679,0
09.10.14 06:00,6693,0
09.10.14 06:30,12140,0
09.10.14 07:00,15534,0
09.10.14 07:30,19974,0
09.10.14 08:00,20533,0
09.10.14 08:30,19988,0
09.10.14 09:00,19239,0
09.10.14 09:30,18788,0
09.10.14 10:00,17934,0
09.10.14 10:30,18048,0
09.10.14 11:00,17415,0
09.10.14 11:30,18292,0
09.10.14 12:00,18506,0
09.10.14 12:30,18180,0
09.10.14 13:00,17401,0
09.10.14 13:30,18973,0
09.10.14 14:00,19361,0
09.10.14 14:30,19722,0
09.10.14 15:00,19572,0
09.10.14 15:30,17500,0
09.10.14 16:00,15213,0
09.10.14 16:30,14457,0
09.10.14 17:00,17736,0
09.10.14 17:30,21319,0
09.10.14 18:00,23270,0
09.10.14 18:30,24892,0
09.10.14 19:00,26555,0
09.10.14 19:30,26743,0
09.10.14 20:00,26376,0
09.10.14 20:30,26311,0
09.10.14 21:00,26179,0
09.10.14 21:30,26774,0
09.10.14 22:00,26449,0
09.10.14 22:30,25459,0
09.10.14 23:00,23927,0
09.10.14 23:30,21851,0
10.10.14 00:00,18756,0
10.10.14 00:30,14990,0
10.10.14 01:00,13865,0
10.10.14 01:30,10263,0
10.10.14 02:00,7873,0
10.10.14 02:30,6480,0
10.10.14 03:00,5094,0
10.10.14 03:30,4217,0
10.10.14 04:00,4289,0
10.10.14 04:30,3640,0
10.10.14 05:00,3376,0
10.10.14 05:30,5145,0
10.10.14 06:00,7144,0
10.10.14 06:30,11739,0
10.10.14 07:00,15197,0
10.10.14 07:30,19716,0
10.10.14 08:00,20851,0
10.10.14 08:30,20463,0
10.10.14 09:00,19658,0
10.10.14 09:30,19287,0
10.10.14 10:00,17986,0
10.10.14 10:30,17776,0
10.10.14 11:00,17735,0
10.10.14 11:30,18716,0
10.10.14 12:00,19032,0
10.10.14 12:30,17702,0
10.10.14 13:00,17023,0
10.10.14 13:30,18352,0
10.10.14 14:00,19791,0
10.10.14 14:30,20131,0
10.10.14 15:00,18645,0
10.10.14 15:30,16572,0
10.10.14 16:00,14736,0
10.10.14 16:30,13731,0
10.10.14 17:00,17166,0
10.10.14 17:30,20392,0
10.10.14 18:00,22838,0
10.10.14 18:30,23791,0
10.10.14 19:00,25914,0
10.10.14 19:30,26355,0
10.10.14 20:00,25656,0
10.10.14 20:30,25449,0
10.10.14 21:00,25448,0
10.10.14 21:30,25823,0
10.10.14 22:00,25813,0
10.10.14 22:30,26407,0
10.10.14 23:00,26898,0
10.10.14 23:30,26587,0
11.10.14 00:00,25257,0
11.10.14 00:30,23717,0
11.10.14 01:00,22541,0
11.10.14 01:30,19773,0
11.10.14 02:00,19652,0
11.10.14 02:30,16294,0
11.10.14 03:00,13968,0
11.10.14 03:30,12000,0
11.10.14 04:00,10432,0
11.10.14 04:30,6402,0
11.10.14 05:00,4443,0
11.10.14 05:30,3481,0
11.10.14 06:00,3971,0
11.10.14 06:30,5191,0
11.10.14 07:00,6434,0
11.10.14 07:30,8435,0
11.10.14 08:00,10255,0
11.10.14 08:30,13847,0
11.10.14 09:00,14970,0
11.10.14 09:30,18403,0
11.10.14 10:00,19338,0
11.10.14 10:30,21107,0
11.10.14 11:00,20821,0
11.10.14 11:30,21854,0
11.10.14 12:00,21813,0
11.10.14 12:30,22250,0
11.10.14 13:00,21450,0
11.10.14 13:30,21271,0
11.10.14 14:00,20595,0
11.10.14 14:30,20863,0
11.10.14 15:00,20262,0
11.10.14 15:30,21024,0
11.10.14 16:00,19141,0
11.10.14 16:30,17903,0
11.10.14 17:00,19903,0
11.10.14 17:30,22820,0
11.10.14 18:00,24243,0
11.10.14 18:30,25880,0
11.10.14 19:00,26756,0
11.10.14 19:30,26593,0
11.10.14 20:00,25248,0
11.10.14 20:30,23934,0
11.10.14 21:00,23401,0
11.10.14 21:30,24145,0
11.10.14 22:00,25308,0
11.10.14 22:30,26284,0
11.10.14 23:00,27136,0
11.10.14 23:30,27099,0
12.10.14 00:00,26610,0
12.10.14 00:30,25400,0
12.10.14 01:00,23992,0
12.10.14 01:30,22359,0
12.10.14 02:00,21054,0
12.10.14 02:30,18812,0
12.10.14 03:00,16584,0
12.10.14 03:30,14204,0
12.10.14 04:00,11990,0
12.10.14 04:30,7092,0
12.10.14 05:00,4311,0
12.10.14 05:30,3844,0
12.10.14 06:00,3796,0
12.10.14 06:30,4755,0
12.10.14 07:00,4491,0
12.10.14 07:30,5559,0
12.10.14 08:00,6959,0
12.10.14 08:30,9127,0
12.10.14 09:00,11015,0
12.10.14 09:30,13961,0
12.10.14 10:00,15445,0
12.10.14 10:30,17923,0
12.10.14 11:00,18438,0
12.10.14 11:30,19592,0
12.10.14 12:00,19733,0
12.10.14 12:30,19766,0
12.10.14 13:00,19809,0
12.10.14 13:30,19242,0
12.10.14 14:00,18990,0
12.10.14 14:30,18676,0
12.10.14 15:00,18037,0
12.10.14 15:30,16660,0
12.10.14 16:00,15948,0
12.10.14 16:30,15261,0
12.10.14 17:00,17141,0
12.10.14 17:30,19085,0
12.10.14 18:00,20188,0
12.10.14 18:30,20512,0
12.10.14 19:00,20723,0
12.10.14 19:30,20415,0
12.10.14 20:00,19483,0
12.10.14 20:30,19008,0
12.10.14 21:00,17958,0
12.10.14 21:30,18341,0
12.10.14 22:00,18181,0
12.10.14 22:30,17069,0
12.10.14 23:00,15057,0
12.10.14 23:30,13867,0
13.10.14 00:00,11544,0
13.10.14 00:30,9016,0
13.10.14 01:00,6739,0
13.10.14 01:30,5420,0
13.10.14 02:00,4584,0
13.10.14 02:30,3787,0
13.10.14 03:00,3018,0
13.10.14 03:30,2667,0
13.10.14 04:00,2981,0
13.10.14 04:30,2756,0
13.10.14 05:00,2712,0
13.10.14 05:30,3798,0
13.10.14 06:00,5117,0
13.10.14 06:30,7727,0
13.10.14 07:00,9655,0
13.10.14 07:30,12109,0
13.10.14 08:00,13484,0
13.10.14 08:30,15506,0
13.10.14 09:00,15325,0
13.10.14 09:30,15924,0
13.10.14 10:00,14830,0
13.10.14 10:30,14907,0
13.10.14 11:00,14796,0
13.10.14 11:30,15699,0
13.10.14 12:00,15705,0
13.10.14 12:30,15880,0
13.10.14 13:00,15693,0
13.10.14 13:30,16643,0
13.10.14 14:00,16929,0
13.10.14 14:30,17698,0
13.10.14 15:00,17429,0
13.10.14 15:30,17248,0
13.10.14 16:00,16219,0
13.10.14 16:30,15918,0
13.10.14 17:00,17780,0
13.10.14 17:30,19414,0
13.10.14 18:00,21594,0
13.10.14 18:30,24915,0
13.10.14 19:00,24556,0
13.10.14 19:30,22341,0
13.10.14 20:00,22343,0
13.10.14 20:30,21619,0
13.10.14 21:00,21315,0
13.10.14 21:30,19821,0
13.10.14 22:00,17669,0
13.10.14 22:30,15504,0
13.10.14 23:00,14525,0
13.10.14 23:30,10738,0
14.10.14 00:00,8908,0
14.10.14 00:30,6593,0
14.10.14 01:00,5560,0
14.10.14 01:30,4014,0
14.10.14 02:00,3046,0
14.10.14 02:30,2349,0
14.10.14 03:00,1876,0
14.10.14 03:30,1691,0
14.10.14 04:00,1941,0
14.10.14 04:30,1850,0
14.10.14 05:00,2318,0
14.10.14 05:30,4337,0
14.10.14 06:00,6669,0
14.10.14 06:30,11585,0
14.10.14 07:00,15170,0
14.10.14 07:30,19136,0
14.10.14 08:00,20085,0
14.10.14 08:30,19758,0
14.10.14 09:00,18842,0
14.10.14 09:30,18530,0
14.10.14 10:00,16617,0
14.10.14 10:30,17458,0
14.10.14 11:00,16359,0
14.10.14 11:30,17483,0
14.10.14 12:00,17600,0
14.10.14 12:30,17552,0
14.10.14 13:00,17058,0
14.10.14 13:30,17658,0
14.10.14 14:00,18319,0
14.10.14 14:30,18818,0
14.10.14 15:00,18735,0
14.10.14 15:30,17254,0
14.10.14 16:00,15022,0
14.10.14 16:30,14365,0
14.10.14 17:00,16300,0
14.10.14 17:30,19687,0
14.10.14 18:00,22620,0
14.10.14 18:30,23309,0
14.10.14 19:00,23636,0
14.10.14 19:30,23752,0
14.10.14 20:00,23095,0
14.10.14 20:30,23108,0
14.10.14 21:00,23221,0
14.10.14 21:30,23581,0
14.10.14 22:00,22249,0
14.10.14 22:30,19533,0
14.10.14 23:00,17226,0
14.10.14 23:30,13935,0
15.10.14 00:00,11429,0
15.10.14 00:30,8486,0
15.10.14 01:00,6484,0
15.10.14 01:30,5093,0
15.10.14 02:00,4018,0
15.10.14 02:30,3218,0
15.10.14 03:00,2536,0
15.10.14 03:30,2219,0
15.10.14 04:00,2171,0
15.10.14 04:30,2268,0
15.10.14 05:00,2437,0
15.10.14 05:30,4569,0
15.10.14 06:00,6862,0
15.10.14 06:30,11924,0
15.10.14 07:00,15860,0
15.10.14 07:30,19821,0
15.10.14 08:00,20508,0
15.10.14 08:30,20540,0
15.10.14 09:00,19590,0
15.10.14 09:30,18480,0
15.10.14 10:00,17330,0
15.10.14 10:30,18508,0
15.10.14 11:00,17354,0
15.10.14 11:30,18552,0
15.10.14 12:00,18241,0
15.10.14 12:30,18475,0
15.10.14 13:00,17939,0
15.10.14 13:30,18398,0
15.10.14 14:00,18875,0
15.10.14 14:30,19559,0
15.10.14 15:00,19133,0
15.10.14 15:30,16816,0
15.10.14 16:00,14757,0
15.10.14 16:30,14470,0
15.10.14 17:00,17800,0
15.10.14 17:30,21127,0
15.10.14 18:00,22269,0
15.10.14 18:30,22819,0
15.10.14 19:00,23582,0
15.10.14 19:30,26273,0
15.10.14 20:00,25338,0
15.10.14 20:30,24021,0
15.10.14 21:00,26163,0
15.10.14 21:30,23839,0
15.10.14 22:00,22608,0
15.10.14 22:30,24886,0
15.10.14 23:00,20128,0
15.10.14 23:30,16180,0
16.10.14 00:00,13302,0
16.10.14 00:30,10509,0
16.10.14 01:00,8241,0
16.10.14 01:30,5536,0
16.10.14 02:00,4664,0
16.10.14 02:30,3460,0
16.10.14 03:00,2799,0
16.10.14 03:30,2730,0
16.10.14 04:00,2801,0
16.10.14 04:30,2511,0
16.10.14 05:00,2670,0
16.10.14 05:30,4767,0
16.10.14 06:00,7096,0
16.10.14 06:30,12556,0
16.10.14 07:00,16431,0
16.10.14 07:30,21581,0
16.10.14 08:00,21355,0
16.10.14 08:30,21573,0
16.10.14 09:00,20390,0
16.10.14 09:30,20452,0
16.10.14 10:00,19678,0
16.10.14 10:30,18801,0
16.10.14 11:00,17223,0
16.10.14 11:30,18249,0
16.10.14 12:00,17691,0
16.10.14 12:30,17052,0
16.10.14 13:00,16783,0
16.10.14 13:30,18392,0
16.10.14 14:00,18593,0
16.10.14 14:30,19364,0
16.10.14 15:00,19176,0
16.10.14 15:30,16795,0
16.10.14 16:00,15293,0
16.10.14 16:30,14922,0
16.10.14 17:00,17899,0
16.10.14 17:30,21758,0
16.10.14 18:00,24169,0
16.10.14 18:30,24615,0
16.10.14 19:00,26370,0
16.10.14 19:30,26990,0
16.10.14 20:00,26168,0
16.10.14 20:30,25449,0
16.10.14 21:00,25994,0
16.10.14 21:30,27115,0
16.10.14 22:00,26191,0
16.10.14 22:30,25146,0
16.10.14 23:00,24371,0
16.10.14 23:30,23771,0
17.10.14 00:00,19268,0
17.10.14 00:30,15623,0
17.10.14 01:00,12595,0
17.10.14 01:30,10224,0
17.10.14 02:00,7941,0
17.10.14 02:30,6678,0
17.10.14 03:00,5182,0
17.10.14 03:30,4502,0
17.10.14 04:00,4316,0
17.10.14 04:30,3512,0
17.10.14 05:00,3174,0
17.10.14 05:30,4771,0
17.10.14 06:00,6557,0
17.10.14 06:30,11929,0
17.10.14 07:00,14950,0
17.10.14 07:30,19835,0
17.10.14 08:00,20149,0
17.10.14 08:30,19998,0
17.10.14 09:00,19310,0
17.10.14 09:30,18601,0
17.10.14 10:00,17567,0
17.10.14 10:30,17890,0
17.10.14 11:00,17470,0
17.10.14 11:30,18557,0
17.10.14 12:00,18944,0
17.10.14 12:30,17922,0
17.10.14 13:00,17627,0
17.10.14 13:30,18361,0
17.10.14 14:00,19557,0
17.10.14 14:30,19811,0
17.10.14 15:00,19277,0
17.10.14 15:30,16741,0
17.10.14 16:00,14948,0
17.10.14 16:30,14244,0
17.10.14 17:00,17563,0
17.10.14 17:30,21246,0
17.10.14 18:00,23115,0
17.10.14 18:30,24785,0
17.10.14 19:00,26396,0
17.10.14 19:30,26837,0
17.10.14 20:00,26621,0
17.10.14 20:30,26144,0
17.10.14 21:00,26019,0
17.10.14 21:30,26816,0
17.10.14 22:00,26701,0
17.10.14 22:30,26519,0
17.10.14 23:00,26740,0
17.10.14 23:30,26173,0
18.10.14 00:00,25059,0
18.10.14 00:30,24437,0
18.10.14 01:00,22718,0
18.10.14 01:30,20700,0
18.10.14 02:00,19623,0
18.10.14 02:30,16675,0
18.10.14 03:00,14447,0
18.10.14 03:30,12377,0
18.10.14 04:00,10609,0
18.10.14 04:30,6436,0
18.10.14 05:00,4562,0
18.10.14 05:30,3783,0
18.10.14 06:00,3923,0
18.10.14 06:30,5060,0
18.10.14 07:00,5992,0
18.10.14 07:30,8639,0
18.10.14 08:00,10309,0
18.10.14 08:30,13563,0
18.10.14 09:00,14136,0
18.10.14 09:30,16945,0
18.10.14 10:00,17004,0
18.10.14 10:30,19045,0
18.10.14 11:00,19859,0
18.10.14 11:30,21198,0
18.10.14 12:00,21550,0
18.10.14 12:30,21583,0
18.10.14 13:00,21455,0
18.10.14 13:30,21869,0
18.10.14 14:00,21426,0
18.10.14 14:30,21650,0
18.10.14 15:00,21611,0
18.10.14 15:30,20904,0
18.10.14 16:00,18820,0
18.10.14 16:30,17255,0
18.10.14 17:00,19029,0
18.10.14 17:30,22812,0
18.10.14 18:00,24455,0
18.10.14 18:30,26373,0
18.10.14 19:00,27460,0
18.10.14 19:30,27222,0
18.10.14 20:00,25204,0
18.10.14 20:30,24329,0
18.10.14 21:00,24526,0
18.10.14 21:30,25203,0
18.10.14 22:00,25975,0
18.10.14 22:30,27073,0
18.10.14 23:00,27881,0
18.10.14 23:30,28626,0
19.10.14 00:00,28093,0
19.10.14 00:30,26200,0
19.10.14 01:00,25610,0
19.10.14 01:30,23483,0
19.10.14 02:00,21850,0
19.10.14 02:30,19297,0
19.10.14 03:00,16574,0
19.10.14 03:30,14355,0
19.10.14 04:00,12112,0
19.10.14 04:30,7284,0
19.10.14 05:00,4845,0
19.10.14 05:30,3667,0
19.10.14 06:00,3718,0
19.10.14 06:30,4573,0
19.10.14 07:00,5167,0
19.10.14 07:30,6844,0
19.10.14 08:00,7279,0
19.10.14 08:30,9761,0
19.10.14 09:00,11712,0
19.10.14 09:30,14210,0
19.10.14 10:00,15394,0
19.10.14 10:30,18387,0
19.10.14 11:00,19168,0
19.10.14 11:30,20891,0
19.10.14 12:00,21806,0
19.10.14 12:30,22188,0
19.10.14 13:00,22153,0
19.10.14 13:30,21713,0
19.10.14 14:00,21838,0
19.10.14 14:30,21082,0
19.10.14 15:00,20448,0
19.10.14 15:30,20113,0
19.10.14 16:00,18645,0
19.10.14 16:30,17210,0
19.10.14 17:00,18326,0
19.10.14 17:30,20498,0
19.10.14 18:00,20924,0
19.10.14 18:30,21579,0
19.10.14 19:00,22026,0
19.10.14 19:30,22197,0
19.10.14 20:00,19709,0
19.10.14 20:30,18780,0
19.10.14 21:00,18060,0
19.10.14 21:30,17973,0
19.10.14 22:00,16572,0
19.10.14 22:30,14957,0
19.10.14 23:00,12461,0
19.10.14 23:30,10448,0
20.10.14 00:00,8295,0
20.10.14 00:30,6837,0
20.10.14 01:00,4747,0
20.10.14 01:30,3283,0
20.10.14 02:00,2904,0
20.10.14 02:30,2345,0
20.10.14 03:00,1917,0
20.10.14 03:30,1783,0
20.10.14 04:00,2174,0
20.10.14 04:30,2157,0
20.10.14 05:00,2989,0
20.10.14 05:30,4841,0
20.10.14 06:00,7228,0
20.10.14 06:30,11726,0
20.10.14 07:00,14557,0
20.10.14 07:30,17848,0
20.10.14 08:00,18436,0
20.10.14 08:30,18059,0
20.10.14 09:00,18028,0
20.10.14 09:30,17353,0
20.10.14 10:00,16350,0
20.10.14 10:30,16376,0
20.10.14 11:00,16099,0
20.10.14 11:30,16817,0
20.10.14 12:00,16898,0
20.10.14 12:30,16809,0
20.10.14 13:00,16199,0
20.10.14 13:30,16758,0
20.10.14 14:00,17679,0
20.10.14 14:30,18148,0
20.10.14 15:00,18644,0
20.10.14 15:30,17183,0
20.10.14 16:00,16196,0
20.10.14 16:30,15534,0
20.10.14 17:00,18451,0
20.10.14 17:30,20950,0
20.10.14 18:00,23192,0
20.10.14 18:30,24655,0
20.10.14 19:00,24094,0
20.10.14 19:30,23285,0
20.10.14 20:00,22083,0
20.10.14 20:30,21485,0
20.10.14 21:00,21579,0
20.10.14 21:30,21118,0
20.10.14 22:00,20204,0
20.10.14 22:30,16909,0
20.10.14 23:00,13785,0
20.10.14 23:30,11695,0
21.10.14 00:00,9214,0
21.10.14 00:30,6931,0
21.10.14 01:00,5413,0
21.10.14 01:30,4130,0
21.10.14 02:00,3276,0
21.10.14 02:30,2475,0
21.10.14 03:00,2080,0
21.10.14 03:30,1917,0
21.10.14 04:00,2123,0
21.10.14 04:30,1984,0
21.10.14 05:00,2458,0
21.10.14 05:30,4338,0
21.10.14 06:00,6470,0
21.10.14 06:30,11775,0
21.10.14 07:00,15088,0
21.10.14 07:30,19429,0
21.10.14 08:00,20482,0
21.10.14 08:30,19886,0
21.10.14 09:00,19170,0
21.10.14 09:30,18277,0
21.10.14 10:00,17064,0
21.10.14 10:30,16386,0
21.10.14 11:00,16633,0
21.10.14 11:30,17681,0
21.10.14 12:00,18233,0
21.10.14 12:30,17996,0
21.10.14 13:00,16695,0
21.10.14 13:30,16912,0
21.10.14 14:00,18124,0
21.10.14 14:30,18411,0
21.10.14 15:00,19013,0
21.10.14 15:30,17590,0
21.10.14 16:00,15673,0
21.10.14 16:30,14923,0
21.10.14 17:00,17981,0
21.10.14 17:30,21208,0
21.10.14 18:00,23458,0
21.10.14 18:30,24028,0
21.10.14 19:00,24934,0
21.10.14 19:30,25135,0
21.10.14 20:00,24613,0
21.10.14 20:30,24617,0
21.10.14 21:00,25841,0
21.10.14 21:30,24141,0
21.10.14 22:00,23069,0
21.10.14 22:30,21243,0
21.10.14 23:00,18077,0
21.10.14 23:30,15745,0
22.10.14 00:00,12115,0
22.10.14 00:30,9035,0
22.10.14 01:00,7015,0
22.10.14 01:30,5113,0
22.10.14 02:00,4220,0
22.10.14 02:30,3331,0
22.10.14 03:00,2870,0
22.10.14 03:30,2516,0
22.10.14 04:00,2656,0
22.10.14 04:30,2336,0
22.10.14 05:00,2494,0
22.10.14 05:30,5081,0
22.10.14 06:00,8091,0
22.10.14 06:30,13037,0
22.10.14 07:00,16579,0
22.10.14 07:30,19657,0
22.10.14 08:00,20914,0
22.10.14 08:30,20612,0
22.10.14 09:00,20015,0
22.10.14 09:30,19001,0
22.10.14 10:00,17533,0
22.10.14 10:30,17877,0
22.10.14 11:00,16470,0
22.10.14 11:30,18266,0
22.10.14 12:00,17992,0
22.10.14 12:30,17419,0
22.10.14 13:00,16775,0
22.10.14 13:30,17378,0
22.10.14 14:00,18067,0
22.10.14 14:30,19841,0
22.10.14 15:00,18552,0
22.10.14 15:30,16825,0
22.10.14 16:00,14712,0
22.10.14 16:30,14439,0
22.10.14 17:00,17305,0
22.10.14 17:30,20949,0
22.10.14 18:00,22182,0
22.10.14 18:30,23886,0
22.10.14 19:00,25234,0
22.10.14 19:30,24731,0
22.10.14 20:00,25195,0
22.10.14 20:30,25551,0
22.10.14 21:00,26110,0
22.10.14 21:30,24842,0
22.10.14 22:00,23178,0
22.10.14 22:30,23408,0
22.10.14 23:00,21749,0
22.10.14 23:30,17918,0
23.10.14 00:00,13496,0
23.10.14 00:30,10416,0
23.10.14 01:00,8090,0
23.10.14 01:30,5946,0
23.10.14 02:00,4330,0
23.10.14 02:30,3282,0
23.10.14 03:00,2732,0
23.10.14 03:30,2524,0
23.10.14 04:00,2700,0
23.10.14 04:30,2290,0
23.10.14 05:00,2743,0
23.10.14 05:30,4732,0
23.10.14 06:00,7570,0
23.10.14 06:30,12751,0
23.10.14 07:00,16887,0
23.10.14 07:30,20268,0
23.10.14 08:00,21992,0
23.10.14 08:30,21301,0
23.10.14 09:00,20526,0
23.10.14 09:30,19251,0
23.10.14 10:00,18228,0
23.10.14 10:30,18603,0
23.10.14 11:00,18762,0
23.10.14 11:30,19645,0
23.10.14 12:00,20453,0
23.10.14 12:30,19400,0
23.10.14 13:00,18448,0
23.10.14 13:30,18199,0
23.10.14 14:00,18845,0
23.10.14 14:30,18973,0
23.10.14 15:00,17968,0
23.10.14 15:30,15112,0
23.10.14 16:00,13580,0
23.10.14 16:30,12751,0
23.10.14 17:00,15901,0
23.10.14 17:30,19774,0
23.10.14 18:00,21960,0
23.10.14 18:30,23790,0
23.10.14 19:00,24998,0
23.10.14 19:30,25414,0
23.10.14 20:00,26075,0
23.10.14 20:30,25616,0
23.10.14 21:00,25916,0
23.10.14 21:30,25589,0
23.10.14 22:00,25041,0
23.10.14 22:30,24891,0
23.10.14 23:00,23888,0
23.10.14 23:30,22464,0
24.10.14 00:00,19061,0
24.10.14 00:30,16689,0
24.10.14 01:00,13006,0
24.10.14 01:30,9512,0
24.10.14 02:00,7745,0
24.10.14 02:30,6037,0
24.10.14 03:00,5194,0
24.10.14 03:30,4419,0
24.10.14 04:00,4267,0
24.10.14 04:30,3366,0
24.10.14 05:00,3096,0
24.10.14 05:30,4532,0
24.10.14 06:00,6877,0
24.10.14 06:30,11826,0
24.10.14 07:00,15333,0
24.10.14 07:30,19013,0
24.10.14 08:00,20131,0
24.10.14 08:30,19779,0
24.10.14 09:00,19227,0
24.10.14 09:30,18824,0
24.10.14 10:00,17705,0
24.10.14 10:30,18111,0
24.10.14 11:00,17408,0
24.10.14 11:30,18509,0
24.10.14 12:00,18510,0
24.10.14 12:30,17910,0
24.10.14 13:00,17690,0
24.10.14 13:30,18149,0
24.10.14 14:00,19632,0
24.10.14 14:30,19426,0
24.10.14 15:00,18760,0
24.10.14 15:30,16379,0
24.10.14 16:00,15083,0
24.10.14 16:30,14553,0
24.10.14 17:00,17509,0
24.10.14 17:30,20911,0
24.10.14 18:00,22958,0
24.10.14 18:30,25257,0
24.10.14 19:00,26659,0
24.10.14 19:30,27104,0
24.10.14 20:00,26439,0
24.10.14 20:30,25840,0
24.10.14 21:00,25694,0
24.10.14 21:30,26093,0
24.10.14 22:00,26821,0
24.10.14 22:30,26870,0
24.10.14 23:00,26889,0
24.10.14 23:30,27283,0
25.10.14 00:00,25739,0
25.10.14 00:30,23889,0
25.10.14 01:00,22278,0
25.10.14 01:30,20337,0
25.10.14 02:00,19179,0
25.10.14 02:30,16566,0
25.10.14 03:00,14146,0
25.10.14 03:30,12015,0
25.10.14 04:00,10285,0
25.10.14 04:30,6316,0
25.10.14 05:00,4106,0
25.10.14 05:30,3465,0
25.10.14 06:00,3657,0
25.10.14 06:30,4756,0
25.10.14 07:00,6003,0
25.10.14 07:30,7853,0
25.10.14 08:00,9091,0
25.10.14 08:30,12209,0
25.10.14 09:00,13433,0
25.10.14 09:30,16768,0
25.10.14 10:00,16390,0
25.10.14 10:30,18666,0
25.10.14 11:00,19740,0
25.10.14 11:30,21266,0
25.10.14 12:00,21452,0
25.10.14 12:30,21613,0
25.10.14 13:00,21773,0
25.10.14 13:30,21440,0
25.10.14 14:00,20362,0
25.10.14 14:30,20601,0
25.10.14 15:00,20989,0
25.10.14 15:30,20210,0
25.10.14 16:00,18243,0
25.10.14 16:30,16875,0
25.10.14 17:00,19078,0
25.10.14 17:30,22244,0
25.10.14 18:00,23703,0
25.10.14 18:30,25544,0
25.10.14 19:00,27125,0
25.10.14 19:30,26539,0
25.10.14 20:00,24964,0
25.10.14 20:30,23665,0
25.10.14 21:00,23200,0
25.10.14 21:30,24238,0
25.10.14 22:00,25202,0
25.10.14 22:30,26140,0
25.10.14 23:00,27417,0
25.10.14 23:30,27692,0
26.10.14 00:00,26866,0
26.10.14 00:30,26254,0
26.10.14 01:00,24482,0
26.10.14 01:30,22425,0
26.10.14 02:00,20865,0
26.10.14 02:30,18801,0
26.10.14 03:00,16066,0
26.10.14 03:30,14093,0
26.10.14 04:00,11863,0
26.10.14 04:30,7194,0
26.10.14 05:00,4661,0
26.10.14 05:30,3656,0
26.10.14 06:00,3780,0
26.10.14 06:30,4116,0
26.10.14 07:00,4530,0
26.10.14 07:30,6287,0
26.10.14 08:00,7318,0
26.10.14 08:30,9260,0
26.10.14 09:00,10911,0
26.10.14 09:30,14136,0
26.10.14 10:00,15466,0
26.10.14 10:30,18611,0
26.10.14 11:00,18437,0
26.10.14 11:30,20375,0
26.10.14 12:00,20658,0
26.10.14 12:30,21283,0
26.10.14 13:00,20200,0
26.10.14 13:30,20135,0
26.10.14 14:00,20306,0
26.10.14 14:30,20404,0
26.10.14 15:00,19931,0
26.10.14 15:30,19772,0
26.10.14 16:00,18406,0
26.10.14 16:30,16957,0
26.10.14 17:00,17972,0
26.10.14 17:30,19563,0
26.10.14 18:00,20106,0
26.10.14 18:30,20449,0
26.10.14 19:00,19860,0
26.10.14 19:30,19343,0
26.10.14 20:00,18128,0
26.10.14 20:30,17298,0
26.10.14 21:00,16004,0
26.10.14 21:30,16422,0
26.10.14 22:00,14618,0
26.10.14 22:30,13017,0
26.10.14 23:00,11532,0
26.10.14 23:30,10089,0
27.10.14 00:00,8326,0
27.10.14 00:30,6579,0
27.10.14 01:00,4385,0
27.10.14 01:30,3470,0
27.10.14 02:00,2854,0
27.10.14 02:30,2128,0
27.10.14 03:00,1785,0
27.10.14 03:30,1707,0
27.10.14 04:00,2138,0
27.10.14 04:30,2406,0
27.10.14 05:00,2847,0
27.10.14 05:30,4951,0
27.10.14 06:00,7094,0
27.10.14 06:30,11090,0
27.10.14 07:00,14205,0
27.10.14 07:30,17506,0
27.10.14 08:00,18105,0
27.10.14 08:30,17656,0
27.10.14 09:00,17751,0
27.10.14 09:30,17096,0
27.10.14 10:00,15784,0
27.10.14 10:30,16086,0
27.10.14 11:00,14843,0
27.10.14 11:30,16446,0
27.10.14 12:00,16614,0
27.10.14 12:30,16155,0
27.10.14 13:00,15502,0
27.10.14 13:30,16293,0
27.10.14 14:00,16885,0
27.10.14 14:30,17759,0
27.10.14 15:00,18533,0
27.10.14 15:30,17617,0
27.10.14 16:00,16279,0
27.10.14 16:30,15551,0
27.10.14 17:00,18199,0
27.10.14 17:30,20618,0
27.10.14 18:00,22703,0
27.10.14 18:30,23897,0
27.10.14 19:00,24329,0
27.10.14 19:30,23182,0
27.10.14 20:00,21778,0
27.10.14 20:30,21251,0
27.10.14 21:00,21189,0
27.10.14 21:30,20884,0
27.10.14 22:00,19670,0
27.10.14 22:30,18163,0
27.10.14 23:00,15613,0
27.10.14 23:30,13371,0
28.10.14 00:00,10910,0
28.10.14 00:30,7638,0
28.10.14 01:00,5589,0
28.10.14 01:30,4215,0
28.10.14 02:00,3386,0
28.10.14 02:30,2753,0
28.10.14 03:00,2181,0
28.10.14 03:30,2034,0
28.10.14 04:00,2094,0
28.10.14 04:30,1896,0
28.10.14 05:00,2632,0
28.10.14 05:30,4581,0
28.10.14 06:00,6612,0
28.10.14 06:30,11609,0
28.10.14 07:00,15127,0
28.10.14 07:30,19097,0
28.10.14 08:00,19516,0
28.10.14 08:30,19422,0
28.10.14 09:00,18088,0
28.10.14 09:30,17669,0
28.10.14 10:00,16744,0
28.10.14 10:30,17075,0
28.10.14 11:00,16035,0
28.10.14 11:30,17421,0
28.10.14 12:00,17756,0
28.10.14 12:30,17057,0
28.10.14 13:00,16101,0
28.10.14 13:30,17443,0
28.10.14 14:00,17890,0
28.10.14 14:30,18651,0
28.10.14 15:00,18762,0
28.10.14 15:30,17135,0
28.10.14 16:00,15175,0
28.10.14 16:30,13958,0
28.10.14 17:00,16881,0
28.10.14 17:30,19615,0
28.10.14 18:00,22196,0
28.10.14 18:30,22906,0
28.10.14 19:00,23482,0
28.10.14 19:30,23088,0
28.10.14 20:00,23728,0
28.10.14 20:30,23210,0
28.10.14 21:00,23685,0
28.10.14 21:30,23843,0
28.10.14 22:00,22597,0
28.10.14 22:30,20923,0
28.10.14 23:00,19229,0
28.10.14 23:30,15963,0
29.10.14 00:00,12292,0
29.10.14 00:30,9190,0
29.10.14 01:00,6864,0
29.10.14 01:30,5693,0
29.10.14 02:00,4499,0
29.10.14 02:30,3304,0
29.10.14 03:00,2560,0
29.10.14 03:30,2485,0
29.10.14 04:00,2560,0
29.10.14 04:30,2248,0
29.10.14 05:00,2389,0
29.10.14 05:30,4313,0
29.10.14 06:00,6649,0
29.10.14 06:30,11289,0
29.10.14 07:00,15103,0
29.10.14 07:30,19437,0
29.10.14 08:00,19443,0
29.10.14 08:30,19707,0
29.10.14 09:00,18912,0
29.10.14 09:30,18203,0
29.10.14 10:00,16492,0
29.10.14 10:30,16837,0
29.10.14 11:00,16075,0
29.10.14 11:30,17160,0
29.10.14 12:00,17606,0
29.10.14 12:30,17267,0
29.10.14 13:00,16875,0
29.10.14 13:30,17940,0
29.10.14 14:00,18339,0
29.10.14 14:30,18971,0
29.10.14 15:00,19298,0
29.10.14 15:30,16665,0
29.10.14 16:00,15008,0
29.10.14 16:30,13873,0
29.10.14 17:00,17894,0
29.10.14 17:30,21574,0
29.10.14 18:00,22116,0
29.10.14 18:30,23582,0
29.10.14 19:00,25553,0
29.10.14 19:30,25299,0
29.10.14 20:00,24778,0
29.10.14 20:30,24729,0
29.10.14 21:00,24907,0
29.10.14 21:30,24810,0
29.10.14 22:00,24246,0
29.10.14 22:30,23250,0
29.10.14 23:00,20700,0
29.10.14 23:30,18631,0
30.10.14 00:00,14048,0
30.10.14 00:30,10691,0
30.10.14 01:00,8363,0
30.10.14 01:30,6405,0
30.10.14 02:00,5251,0
30.10.14 02:30,3714,0
30.10.14 03:00,3232,0
30.10.14 03:30,3057,0
30.10.14 04:00,3005,0
30.10.14 04:30,2506,0
30.10.14 05:00,2821,0
30.10.14 05:30,5287,0
30.10.14 06:00,7427,0
30.10.14 06:30,12248,0
30.10.14 07:00,15618,0
30.10.14 07:30,19528,0
30.10.14 08:00,19813,0
30.10.14 08:30,19680,0
30.10.14 09:00,19351,0
30.10.14 09:30,18967,0
30.10.14 10:00,17899,0
30.10.14 10:30,17994,0
30.10.14 11:00,17167,0
30.10.14 11:30,18094,0
30.10.14 12:00,18575,0
30.10.14 12:30,18022,0
30.10.14 13:00,17359,0
30.10.14 13:30,18035,0
30.10.14 14:00,18733,0
30.10.14 14:30,19410,0
30.10.14 15:00,18991,0
30.10.14 15:30,16749,0
30.10.14 16:00,14604,0
30.10.14 16:30,13367,0
30.10.14 17:00,16382,0
30.10.14 17:30,19879,0
30.10.14 18:00,21735,0
30.10.14 18:30,23802,0
30.10.14 19:00,24832,0
30.10.14 19:30,24964,0
30.10.14 20:00,25791,0
30.10.14 20:30,25810,0
30.10.14 21:00,25816,0
30.10.14 21:30,25849,0
30.10.14 22:00,24877,0
30.10.14 22:30,25072,0
30.10.14 23:00,24763,0
30.10.14 23:30,22241,0
31.10.14 00:00,19957,0
31.10.14 00:30,16881,0
31.10.14 01:00,13588,0
31.10.14 01:30,10958,0
31.10.14 02:00,9119,0
31.10.14 02:30,7589,0
31.10.14 03:00,6221,0
31.10.14 03:30,4936,0
31.10.14 04:00,4796,0
31.10.14 04:30,3555,0
31.10.14 05:00,3337,0
31.10.14 05:30,4665,0
31.10.14 06:00,7084,0
31.10.14 06:30,11681,0
31.10.14 07:00,14822,0
31.10.14 07:30,19004,0
31.10.14 08:00,20306,0
31.10.14 08:30,20687,0
31.10.14 09:00,19585,0
31.10.14 09:30,18702,0
31.10.14 10:00,18099,0
31.10.14 10:30,18335,0
31.10.14 11:00,17653,0
31.10.14 11:30,18889,0
31.10.14 12:00,19146,0
31.10.14 12:30,18833,0
31.10.14 13:00,18315,0
31.10.14 13:30,18917,0
31.10.14 14:00,20430,0
31.10.14 14:30,20608,0
31.10.14 15:00,19915,0
31.10.14 15:30,16981,0
31.10.14 16:00,15045,0
31.10.14 16:30,13978,0
31.10.14 17:00,16891,0
31.10.14 17:30,20025,0
31.10.14 18:00,21438,0
31.10.14 18:30,23813,0
31.10.14 19:00,25517,0
31.10.14 19:30,25493,0
31.10.14 20:00,25475,0
31.10.14 20:30,26996,0
31.10.14 21:00,27015,0
31.10.14 21:30,27264,0
31.10.14 22:00,26977,0
31.10.14 22:30,26343,0
31.10.14 23:00,26333,0
31.10.14 23:30,26524,0
01.11.14 00:00,25425,0
01.11.14 00:30,24937,0
01.11.14 01:00,24946,0
01.11.14 01:30,23736,0
01.11.14 02:00,23245,0
01.11.14 02:30,21459,0
01.11.14 03:00,19849,0
01.11.14 03:30,17679,0
01.11.14 04:00,15018,0
01.11.14 04:30,10600,0
01.11.14 05:00,7758,0
01.11.14 05:30,5907,0
01.11.14 06:00,5743,0
01.11.14 06:30,6223,0
01.11.14 07:00,6386,0
01.11.14 07:30,9098,0
01.11.14 08:00,9864,0
01.11.14 08:30,12903,0
01.11.14 09:00,14185,0
01.11.14 09:30,18584,0
01.11.14 10:00,19066,0
01.11.14 10:30,22683,0
01.11.14 11:00,23292,0
01.11.14 11:30,24154,0
01.11.14 12:00,25310,0
01.11.14 12:30,26625,0
01.11.14 13:00,25584,0
01.11.14 13:30,25115,0
01.11.14 14:00,23935,0
01.11.14 14:30,23341,0
01.11.14 15:00,23337,0
01.11.14 15:30,22199,0
01.11.14 16:00,20008,0
01.11.14 16:30,18443,0
01.11.14 17:00,20865,0
01.11.14 17:30,23719,0
01.11.14 18:00,25241,0
01.11.14 18:30,27383,0
01.11.14 19:00,28398,1
01.11.14 19:30,27426,0
01.11.14 20:00,26537,0
01.11.14 20:30,25980,0
01.11.14 21:00,24601,0
01.11.14 21:30,24838,0
01.11.14 22:00,26372,0
01.11.14 22:30,26567,0
01.11.14 23:00,25879,0
01.11.14 23:30,26125,0
02.11.14 00:00,25110,0
02.11.14 00:30,23109,0
02.11.14 01:00,39197,0
02.11.14 01:30,35212,0
02.11.14 02:00,13259,0
02.11.14 02:30,12250,0
02.11.14 03:00,10013,0
02.11.14 03:30,7898,0
02.11.14 04:00,6375,0
02.11.14 04:30,4532,0
02.11.14 05:00,5116,0
02.11.14 05:30,5232,0
02.11.14 06:00,4542,0
02.11.14 06:30,5298,0
02.11.14 07:00,5155,0
02.11.14 07:30,6029,0
02.11.14 08:00,6280,0
02.11.14 08:30,8771,0
02.11.14 09:00,10151,0
02.11.14 09:30,12501,0
02.11.14 10:00,13990,0
02.11.14 10:30,16534,0
02.11.14 11:00,17133,0
02.11.14 11:30,18775,0
02.11.14 12:00,18985,0
02.11.14 12:30,19911,0
02.11.14 13:00,19123,0
02.11.14 13:30,19524,0
02.11.14 14:00,19640,0
02.11.14 14:30,18364,0
02.11.14 15:00,17940,0
02.11.14 15:30,17949,0
02.11.14 16:00,17288,0
02.11.14 16:30,16326,0
02.11.14 17:00,17522,0
02.11.14 17:30,19243,0
02.11.14 18:00,20291,0
02.11.14 18:30,21649,0
02.11.14 19:00,22839,0
02.11.14 19:30,21772,0
02.11.14 20:00,20994,0
02.11.14 20:30,19774,0
02.11.14 21:00,18398,0
02.11.14 21:30,17764,0
02.11.14 22:00,17334,0
02.11.14 22:30,15431,0
02.11.14 23:00,12958,0
02.11.14 23:30,10224,0
03.11.14 00:00,8771,0
03.11.14 00:30,6045,0
03.11.14 01:00,4413,0
03.11.14 01:30,3235,0
03.11.14 02:00,2688,0
03.11.14 02:30,1983,0
03.11.14 03:00,1756,0
03.11.14 03:30,1683,0
03.11.14 04:00,2140,0
03.11.14 04:30,2288,0
03.11.14 05:00,2948,0
03.11.14 05:30,4813,0
03.11.14 06:00,8044,0
03.11.14 06:30,12885,0
03.11.14 07:00,14627,0
03.11.14 07:30,18111,0
03.11.14 08:00,18266,0
03.11.14 08:30,18384,0
03.11.14 09:00,18104,0
03.11.14 09:30,17357,0
03.11.14 10:00,16008,0
03.11.14 10:30,16379,0
03.11.14 11:00,15351,0
03.11.14 11:30,16770,0
03.11.14 12:00,16711,0
03.11.14 12:30,17011,0
03.11.14 13:00,16373,0
03.11.14 13:30,17097,0
03.11.14 14:00,17364,0
03.11.14 14:30,18333,0
03.11.14 15:00,18428,0
03.11.14 15:30,16974,0
03.11.14 16:00,16139,0
03.11.14 16:30,15205,0
03.11.14 17:00,17392,0
03.11.14 17:30,20141,0
03.11.14 18:00,22581,0
03.11.14 18:30,23098,0
03.11.14 19:00,23154,0
03.11.14 19:30,22688,0
03.11.14 20:00,22047,0
03.11.14 20:30,21283,0
03.11.14 21:00,21070,0
03.11.14 21:30,19910,0
03.11.14 22:00,20541,0
03.11.14 22:30,18105,0
03.11.14 23:00,14554,0
03.11.14 23:30,12695,0
04.11.14 00:00,10667,0
04.11.14 00:30,8479,0
04.11.14 01:00,6005,0
04.11.14 01:30,3899,0
04.11.14 02:00,3111,0
04.11.14 02:30,2526,0
04.11.14 03:00,2112,0
04.11.14 03:30,1885,0
04.11.14 04:00,1921,0
04.11.14 04:30,2267,0
04.11.14 05:00,2413,0
04.11.14 05:30,4413,0
04.11.14 06:00,7168,0
04.11.14 06:30,12160,0
04.11.14 07:00,14845,0
04.11.14 07:30,18403,0
04.11.14 08:00,18445,0
04.11.14 08:30,19018,0
04.11.14 09:00,18105,0
04.11.14 09:30,17459,0
04.11.14 10:00,16381,0
04.11.14 10:30,16623,0
04.11.14 11:00,16144,0
04.11.14 11:30,17318,0
04.11.14 12:00,17658,0
04.11.14 12:30,17108,0
04.11.14 13:00,16178,0
04.11.14 13:30,17973,0
04.11.14 14:00,18152,0
04.11.14 14:30,18445,0
04.11.14 15:00,18556,0
04.11.14 15:30,16865,0
04.11.14 16:00,14505,0
04.11.14 16:30,13471,0
04.11.14 17:00,15853,0
04.11.14 17:30,18369,0
04.11.14 18:00,20968,0
04.11.14 18:30,22239,0
04.11.14 19:00,22626,0
04.11.14 19:30,22924,0
04.11.14 20:00,22853,0
04.11.14 20:30,22393,0
04.11.14 21:00,23088,0
04.11.14 21:30,22431,0
04.11.14 22:00,22239,0
04.11.14 22:30,19918,0
04.11.14 23:00,17675,0
04.11.14 23:30,14953,0
05.11.14 00:00,12025,0
05.11.14 00:30,8767,0
05.11.14 01:00,6670,0
05.11.14 01:30,5197,0
05.11.14 02:00,4289,0
05.11.14 02:30,3186,0
05.11.14 03:00,2747,0
05.11.14 03:30,2257,0
05.11.14 04:00,2397,0
05.11.14 04:30,2205,0
05.11.14 05:00,2625,0
05.11.14 05:30,4404,0
05.11.14 06:00,7007,0
05.11.14 06:30,12065,0
05.11.14 07:00,15803,0
05.11.14 07:30,19844,0
05.11.14 08:00,19937,0
05.11.14 08:30,20299,0
05.11.14 09:00,19584,0
05.11.14 09:30,19313,0
05.11.14 10:00,16887,0
05.11.14 10:30,17118,0
05.11.14 11:00,16847,0
05.11.14 11:30,18356,0
05.11.14 12:00,18124,0
05.11.14 12:30,17783,0
05.11.14 13:00,17223,0
05.11.14 13:30,17852,0
05.11.14 14:00,18374,0
05.11.14 14:30,18641,0
05.11.14 15:00,18913,0
05.11.14 15:30,16314,0
05.11.14 16:00,13917,0
05.11.14 16:30,13151,0
05.11.14 17:00,16100,0
05.11.14 17:30,19136,0
05.11.14 18:00,21762,0
05.11.14 18:30,22829,0
05.11.14 19:00,23705,0
05.11.14 19:30,23740,0
05.11.14 20:00,23789,0
05.11.14 20:30,23389,0
05.11.14 21:00,24122,0
05.11.14 21:30,24156,0
05.11.14 22:00,23679,0
05.11.14 22:30,22803,0
05.11.14 23:00,20814,0
05.11.14 23:30,17376,0
06.11.14 00:00,13846,0
06.11.14 00:30,10387,0
06.11.14 01:00,8384,0
06.11.14 01:30,6455,0
06.11.14 02:00,5043,0
06.11.14 02:30,3738,0
06.11.14 03:00,3155,0
06.11.14 03:30,2758,0
06.11.14 04:00,3122,0
06.11.14 04:30,2625,0
06.11.14 05:00,2760,0
06.11.14 05:30,4995,0
06.11.14 06:00,8021,0
06.11.14 06:30,13803,0
06.11.14 07:00,17405,0
06.11.14 07:30,20841,0
06.11.14 08:00,21338,0
06.11.14 08:30,21281,0
06.11.14 09:00,20108,0
06.11.14 09:30,20198,0
06.11.14 10:00,19035,0
06.11.14 10:30,19155,0
06.11.14 11:00,17964,0
06.11.14 11:30,18680,0
06.11.14 12:00,18600,0
06.11.14 12:30,17556,0
06.11.14 13:00,17373,0
06.11.14 13:30,17832,0
06.11.14 14:00,18087,0
06.11.14 14:30,18057,0
06.11.14 15:00,17634,0
06.11.14 15:30,15492,0
06.11.14 16:00,13677,0
06.11.14 16:30,12574,0
06.11.14 17:00,15818,0
06.11.14 17:30,19350,0
06.11.14 18:00,21754,0
06.11.14 18:30,23740,0
06.11.14 19:00,24666,0
06.11.14 19:30,25142,0
06.11.14 20:00,25597,0
06.11.14 20:30,25126,0
06.11.14 21:00,25312,0
06.11.14 21:30,26067,0
06.11.14 22:00,25613,0
06.11.14 22:30,23971,0
06.11.14 23:00,22859,0
06.11.14 23:30,21287,0
07.11.14 00:00,18308,0
07.11.14 00:30,14352,0
07.11.14 01:00,11746,0
07.11.14 01:30,9042,0
07.11.14 02:00,7318,0
07.11.14 02:30,6009,0
07.11.14 03:00,5364,0
07.11.14 03:30,4336,0
07.11.14 04:00,4008,0
07.11.14 04:30,3263,0
07.11.14 05:00,3183,0
07.11.14 05:30,4813,0
07.11.14 06:00,7519,0
07.11.14 06:30,12074,0
07.11.14 07:00,15249,0
07.11.14 07:30,19300,0
07.11.14 08:00,19564,0
07.11.14 08:30,19132,0
07.11.14 09:00,18454,0
07.11.14 09:30,17950,0
07.11.14 10:00,17374,0
07.11.14 10:30,17674,0
07.11.14 11:00,17016,0
07.11.14 11:30,18484,0
07.11.14 12:00,18460,0
07.11.14 12:30,17693,0
07.11.14 13:00,18093,0
07.11.14 13:30,19918,0
07.11.14 14:00,19945,0
07.11.14 14:30,19077,0
07.11.14 15:00,18186,0
07.11.14 15:30,16030,0
07.11.14 16:00,14092,0
07.11.14 16:30,13270,0
07.11.14 17:00,15935,0
07.11.14 17:30,19419,0
07.11.14 18:00,21778,0
07.11.14 18:30,24460,0
07.11.14 19:00,26246,0
07.11.14 19:30,27224,0
07.11.14 20:00,26862,0
07.11.14 20:30,27340,0
07.11.14 21:00,27335,0
07.11.14 21:30,26727,0
07.11.14 22:00,27181,0
07.11.14 22:30,27761,0
07.11.14 23:00,27193,0
07.11.14 23:30,26857,0
08.11.14 00:00,25692,0
08.11.14 00:30,24162,0
08.11.14 01:00,22219,0
08.11.14 01:30,20748,0
08.11.14 02:00,19471,0
08.11.14 02:30,16940,0
08.11.14 03:00,14431,0
08.11.14 03:30,11898,0
08.11.14 04:00,10264,0
08.11.14 04:30,5942,0
08.11.14 05:00,4063,0
08.11.14 05:30,3498,0
08.11.14 06:00,3726,0
08.11.14 06:30,5242,0
08.11.14 07:00,5655,0
08.11.14 07:30,8191,0
08.11.14 08:00,9371,0
08.11.14 08:30,13050,0
08.11.14 09:00,13820,0
08.11.14 09:30,17437,0
08.11.14 10:00,17281,0
08.11.14 10:30,19718,0
08.11.14 11:00,19999,0
08.11.14 11:30,22047,0
08.11.14 12:00,22352,0
08.11.14 12:30,22898,0
08.11.14 13:00,22660,0
08.11.14 13:30,23047,0
08.11.14 14:00,21976,0
08.11.14 14:30,22746,0
08.11.14 15:00,22382,0
08.11.14 15:30,21956,0
08.11.14 16:00,18619,0
08.11.14 16:30,15861,0
08.11.14 17:00,18326,0
08.11.14 17:30,22332,0
08.11.14 18:00,25097,0
08.11.14 18:30,27236,0
08.11.14 19:00,27898,0
08.11.14 19:30,26790,0
08.11.14 20:00,25561,0
08.11.14 20:30,24344,0
08.11.14 21:00,23890,0
08.11.14 21:30,24609,0
08.11.14 22:00,26595,0
08.11.14 22:30,27260,0
08.11.14 23:00,27998,0
08.11.14 23:30,27854,0
09.11.14 00:00,26931,0
09.11.14 00:30,25208,0
09.11.14 01:00,23782,0
09.11.14 01:30,22472,0
09.11.14 02:00,21183,0
09.11.14 02:30,18443,0
09.11.14 03:00,16105,0
09.11.14 03:30,13801,0
09.11.14 04:00,11997,0
09.11.14 04:30,7112,0
09.11.14 05:00,4627,0
09.11.14 05:30,3683,0
09.11.14 06:00,3587,0
09.11.14 06:30,4158,0
09.11.14 07:00,4351,0
09.11.14 07:30,5823,0
09.11.14 08:00,6850,0
09.11.14 08:30,9839,0
09.11.14 09:00,11422,0
09.11.14 09:30,14897,0
09.11.14 10:00,15815,0
09.11.14 10:30,18787,0
09.11.14 11:00,18880,0
09.11.14 11:30,19871,0
09.11.14 12:00,20722,0
09.11.14 12:30,21774,0
09.11.14 13:00,21318,0
09.11.14 13:30,20699,0
09.11.14 14:00,20831,0
09.11.14 14:30,20467,0
09.11.14 15:00,20249,0
09.11.14 15:30,20100,0
09.11.14 16:00,18688,0
09.11.14 16:30,17249,0
09.11.14 17:00,18573,0
09.11.14 17:30,19937,0
09.11.14 18:00,20564,0
09.11.14 18:30,20132,0
09.11.14 19:00,19654,0
09.11.14 19:30,18449,0
09.11.14 20:00,17176,0
09.11.14 20:30,17596,0
09.11.14 21:00,16431,0
09.11.14 21:30,15860,0
09.11.14 22:00,15253,0
09.11.14 22:30,13845,0
09.11.14 23:00,11656,0
09.11.14 23:30,9818,0
10.11.14 00:00,7870,0
10.11.14 00:30,6079,0
10.11.14 01:00,4644,0
10.11.14 01:30,3501,0
10.11.14 02:00,2989,0
10.11.14 02:30,2247,0
10.11.14 03:00,1853,0
10.11.14 03:30,1791,0
10.11.14 04:00,2189,0
10.11.14 04:30,2328,0
10.11.14 05:00,2827,0
10.11.14 05:30,4738,0
10.11.14 06:00,6803,0
10.11.14 06:30,11738,0
10.11.14 07:00,14296,0
10.11.14 07:30,17240,0
10.11.14 08:00,17657,0
10.11.14 08:30,17904,0
10.11.14 09:00,17705,0
10.11.14 09:30,16814,0
10.11.14 10:00,15908,0
10.11.14 10:30,15545,0
10.11.14 11:00,15119,0
10.11.14 11:30,16241,0
10.11.14 12:00,16354,0
10.11.14 12:30,16002,0
10.11.14 13:00,15560,0
10.11.14 13:30,16855,0
10.11.14 14:00,17292,0
10.11.14 14:30,17780,0
10.11.14 15:00,18467,0
10.11.14 15:30,17048,0
10.11.14 16:00,15386,0
10.11.14 16:30,15329,0
10.11.14 17:00,17444,0
10.11.14 17:30,19765,0
10.11.14 18:00,22418,0
10.11.14 18:30,22794,0
10.11.14 19:00,23094,0
10.11.14 19:30,22197,0
10.11.14 20:00,21796,0
10.11.14 20:30,20849,0
10.11.14 21:00,21169,0
10.11.14 21:30,20613,0
10.11.14 22:00,20734,0
10.11.14 22:30,17540,0
10.11.14 23:00,15189,0
10.11.14 23:30,12879,0
11.11.14 00:00,10511,0
11.11.14 00:30,7509,0
11.11.14 01:00,6277,0
11.11.14 01:30,4622,0
11.11.14 02:00,3785,0
11.11.14 02:30,2970,0
11.11.14 03:00,2332,0
11.11.14 03:30,2166,0
11.11.14 04:00,2179,0
11.11.14 04:30,2040,0
11.11.14 05:00,2278,0
11.11.14 05:30,3860,0
11.11.14 06:00,5517,0
11.11.14 06:30,9569,0
11.11.14 07:00,12272,0
11.11.14 07:30,16460,0
11.11.14 08:00,16976,0
11.11.14 08:30,17823,0
11.11.14 09:00,17655,0
11.11.14 09:30,16946,0
11.11.14 10:00,15846,0
11.11.14 10:30,15835,0
11.11.14 11:00,15442,0
11.11.14 11:30,16069,0
11.11.14 12:00,15966,0
11.11.14 12:30,15584,0
11.11.14 13:00,15384,0
11.11.14 13:30,15909,0
11.11.14 14:00,16140,0
11.11.14 14:30,16337,0
11.11.14 15:00,16381,0
11.11.14 15:30,15196,0
11.11.14 16:00,13003,0
11.11.14 16:30,12213,0
11.11.14 17:00,15103,0
11.11.14 17:30,18301,0
11.11.14 18:00,20626,0
11.11.14 18:30,22533,0
11.11.14 19:00,22905,0
11.11.14 19:30,22181,0
11.11.14 20:00,21899,0
11.11.14 20:30,21789,0
11.11.14 21:00,22253,0
11.11.14 21:30,22515,0
11.11.14 22:00,21410,0
11.11.14 22:30,19812,0
11.11.14 23:00,17135,0
11.11.14 23:30,13567,0
12.11.14 00:00,10829,0
12.11.14 00:30,7850,0
12.11.14 01:00,6572,0
12.11.14 01:30,4748,0
12.11.14 02:00,3777,0
12.11.14 02:30,3255,0
12.11.14 03:00,2415,0
12.11.14 03:30,2279,0
12.11.14 04:00,2353,0
12.11.14 04:30,2142,0
12.11.14 05:00,2540,0
12.11.14 05:30,4177,0
12.11.14 06:00,6843,0
12.11.14 06:30,11818,0
12.11.14 07:00,15665,0
12.11.14 07:30,19785,0
12.11.14 08:00,19813,0
12.11.14 08:30,19623,0
12.11.14 09:00,18444,0
12.11.14 09:30,17937,0
12.11.14 10:00,16552,0
12.11.14 10:30,17394,0
12.11.14 11:00,16960,0
12.11.14 11:30,18105,0
12.11.14 12:00,17724,0
12.11.14 12:30,16327,0
12.11.14 13:00,16527,0
12.11.14 13:30,17290,0
12.11.14 14:00,18042,0
12.11.14 14:30,18250,0
12.11.14 15:00,17656,0
12.11.14 15:30,16288,0
12.11.14 16:00,13992,0
12.11.14 16:30,12912,0
12.11.14 17:00,16032,0
12.11.14 17:30,18814,0
12.11.14 18:00,21296,0
12.11.14 18:30,23115,0
12.11.14 19:00,23859,0
12.11.14 19:30,24749,0
12.11.14 20:00,23879,0
12.11.14 20:30,23815,0
12.11.14 21:00,24595,0
12.11.14 21:30,24494,0
12.11.14 22:00,24213,0
12.11.14 22:30,22931,0
12.11.14 23:00,20785,0
12.11.14 23:30,17464,0
13.11.14 00:00,13303,0
13.11.14 00:30,10350,0
13.11.14 01:00,7850,0
13.11.14 01:30,5961,0
13.11.14 02:00,5051,0
13.11.14 02:30,3833,0
13.11.14 03:00,3006,0
13.11.14 03:30,2515,0
13.11.14 04:00,2816,0
13.11.14 04:30,2248,0
13.11.14 05:00,2621,0
13.11.14 05:30,4392,0
13.11.14 06:00,7062,0
13.11.14 06:30,12333,0
13.11.14 07:00,15661,0
13.11.14 07:30,19597,0
13.11.14 08:00,20200,0
13.11.14 08:30,19843,0
13.11.14 09:00,19031,0
13.11.14 09:30,18253,0
13.11.14 10:00,17244,0
13.11.14 10:30,17402,0
13.11.14 11:00,17286,0
13.11.14 11:30,18936,0
13.11.14 12:00,18516,0
13.11.14 12:30,17635,0
13.11.14 13:00,17343,0
13.11.14 13:30,19090,0
13.11.14 14:00,19197,0
13.11.14 14:30,19207,0
13.11.14 15:00,18412,0
13.11.14 15:30,16391,0
13.11.14 16:00,13472,0
13.11.14 16:30,12807,0
13.11.14 17:00,16097,0
13.11.14 17:30,19322,0
13.11.14 18:00,21645,0
13.11.14 18:30,22745,0
13.11.14 19:00,24219,0
13.11.14 19:30,25443,0
13.11.14 20:00,25695,0
13.11.14 20:30,25994,0
13.11.14 21:00,26424,0
13.11.14 21:30,25450,0
13.11.14 22:00,24621,0
13.11.14 22:30,23727,0
13.11.14 23:00,22503,0
13.11.14 23:30,20709,0
14.11.14 00:00,17932,0
14.11.14 00:30,14668,0
14.11.14 01:00,11986,0
14.11.14 01:30,9213,0
14.11.14 02:00,7202,0
14.11.14 02:30,5552,0
14.11.14 03:00,5023,0
14.11.14 03:30,3900,0
14.11.14 04:00,4039,0
14.11.14 04:30,2987,0
14.11.14 05:00,3090,0
14.11.14 05:30,4737,0
14.11.14 06:00,7102,0
14.11.14 06:30,12268,0
14.11.14 07:00,15903,0
14.11.14 07:30,20015,0
14.11.14 08:00,20432,0
14.11.14 08:30,20735,0
14.11.14 09:00,19149,0
14.11.14 09:30,18665,0
14.11.14 10:00,17992,0
14.11.14 10:30,17773,0
14.11.14 11:00,17786,0
14.11.14 11:30,18128,0
14.11.14 12:00,18355,0
14.11.14 12:30,17629,0
14.11.14 13:00,17104,0
14.11.14 13:30,18151,0
14.11.14 14:00,18892,0
14.11.14 14:30,19540,0
14.11.14 15:00,18557,0
14.11.14 15:30,16263,0
14.11.14 16:00,14668,0
14.11.14 16:30,13473,0
14.11.14 17:00,16747,0
14.11.14 17:30,20594,0
14.11.14 18:00,23151,0
14.11.14 18:30,25446,0
14.11.14 19:00,27196,0
14.11.14 19:30,26881,0
14.11.14 20:00,25994,0
14.11.14 20:30,25879,0
14.11.14 21:00,26301,0
14.11.14 21:30,27136,0
14.11.14 22:00,26940,0
14.11.14 22:30,26834,0
14.11.14 23:00,26960,0
14.11.14 23:30,26107,0
15.11.14 00:00,25034,0
15.11.14 00:30,24103,0
15.11.14 01:00,22682,0
15.11.14 01:30,20630,0
15.11.14 02:00,19226,0
15.11.14 02:30,16555,0
15.11.14 03:00,14088,0
15.11.14 03:30,12491,0
15.11.14 04:00,10208,0
15.11.14 04:30,5853,0
15.11.14 05:00,4019,0
15.11.14 05:30,3477,0
15.11.14 06:00,3582,0
15.11.14 06:30,4936,0
15.11.14 07:00,5272,0
15.11.14 07:30,7427,0
15.11.14 08:00,8646,0
15.11.14 08:30,12313,0
15.11.14 09:00,13426,0
15.11.14 09:30,17040,0
15.11.14 10:00,16811,0
15.11.14 10:30,19069,0
15.11.14 11:00,19423,0
15.11.14 11:30,21552,0
15.11.14 12:00,21685,0
15.11.14 12:30,22380,0
15.11.14 13:00,21954,0
15.11.14 13:30,21926,0
15.11.14 14:00,21851,0
15.11.14 14:30,22014,0
15.11.14 15:00,22075,0
15.11.14 15:30,20936,0
15.11.14 16:00,18358,0
15.11.14 16:30,15289,0
15.11.14 17:00,17742,0
15.11.14 17:30,21769,0
15.11.14 18:00,24058,0
15.11.14 18:30,26029,0
15.11.14 19:00,27266,0
15.11.14 19:30,26817,0
15.11.14 20:00,25049,0
15.11.14 20:30,23713,0
15.11.14 21:00,23324,0
15.11.14 21:30,23970,0
15.11.14 22:00,26325,0
15.11.14 22:30,26139,0
15.11.14 23:00,27312,0
15.11.14 23:30,28114,0
16.11.14 00:00,26651,0
16.11.14 00:30,25212,0
16.11.14 01:00,24273,0
16.11.14 01:30,22665,0
16.11.14 02:00,21069,0
16.11.14 02:30,18803,0
16.11.14 03:00,16590,0
16.11.14 03:30,14414,0
16.11.14 04:00,12228,0
16.11.14 04:30,7230,0
16.11.14 05:00,4624,0
16.11.14 05:30,3594,0
16.11.14 06:00,3332,0
16.11.14 06:30,4083,0
16.11.14 07:00,4416,0
16.11.14 07:30,5214,0
16.11.14 08:00,6429,0
16.11.14 08:30,8898,0
16.11.14 09:00,10911,0
16.11.14 09:30,13475,0
16.11.14 10:00,15157,0
16.11.14 10:30,18595,0
16.11.14 11:00,19233,0
16.11.14 11:30,20372,0
16.11.14 12:00,21847,0
16.11.14 12:30,21695,0
16.11.14 13:00,21880,0
16.11.14 13:30,21047,0
16.11.14 14:00,21107,0
16.11.14 14:30,20602,0
16.11.14 15:00,19817,0
16.11.14 15:30,19310,0
16.11.14 16:00,18479,0
16.11.14 16:30,16296,0
16.11.14 17:00,17751,0
16.11.14 17:30,19230,0
16.11.14 18:00,19883,0
16.11.14 18:30,19768,0
16.11.14 19:00,18931,0
16.11.14 19:30,17936,0
16.11.14 20:00,16360,0
16.11.14 20:30,16885,0
16.11.14 21:00,16000,0
16.11.14 21:30,14902,0
16.11.14 22:00,13707,0
16.11.14 22:30,13406,0
16.11.14 23:00,12021,0
16.11.14 23:30,11115,0
17.11.14 00:00,8317,0
17.11.14 00:30,5887,0
17.11.14 01:00,4464,0
17.11.14 01:30,3425,0
17.11.14 02:00,2961,0
17.11.14 02:30,2328,0
17.11.14 03:00,2020,0
17.11.14 03:30,1764,0
17.11.14 04:00,2139,0
17.11.14 04:30,2296,0
17.11.14 05:00,2960,0
17.11.14 05:30,5121,0
17.11.14 06:00,7871,0
17.11.14 06:30,11902,0
17.11.14 07:00,14583,0
17.11.14 07:30,17190,0
17.11.14 08:00,18725,0
17.11.14 08:30,18822,0
17.11.14 09:00,17992,0
17.11.14 09:30,17210,0
17.11.14 10:00,15940,0
17.11.14 10:30,17094,0
17.11.14 11:00,15247,0
17.11.14 11:30,16676,0
17.11.14 12:00,16895,0
17.11.14 12:30,17205,0
17.11.14 13:00,17634,0
17.11.14 13:30,18189,0
17.11.14 14:00,19319,0
17.11.14 14:30,18757,0
17.11.14 15:00,17239,0
17.11.14 15:30,14885,0
17.11.14 16:00,13577,0
17.11.14 16:30,13513,0
17.11.14 17:00,15864,0
17.11.14 17:30,18502,0
17.11.14 18:00,20313,0
17.11.14 18:30,20674,0
17.11.14 19:00,21079,0
17.11.14 19:30,21433,0
17.11.14 20:00,20590,0
17.11.14 20:30,19515,0
17.11.14 21:00,20194,0
17.11.14 21:30,19251,0
17.11.14 22:00,18436,0
17.11.14 22:30,16099,0
17.11.14 23:00,14985,0
17.11.14 23:30,11612,0
18.11.14 00:00,9828,0
18.11.14 00:30,7529,0
18.11.14 01:00,6162,0
18.11.14 01:30,4296,0
18.11.14 02:00,3090,0
18.11.14 02:30,2366,0
18.11.14 03:00,2094,0
18.11.14 03:30,1831,0
18.11.14 04:00,1987,0
18.11.14 04:30,1936,0
18.11.14 05:00,2346,0
18.11.14 05:30,4328,0
18.11.14 06:00,6935,0
18.11.14 06:30,12642,0
18.11.14 07:00,16037,0
18.11.14 07:30,20032,0
18.11.14 08:00,20709,0
18.11.14 08:30,20897,0
18.11.14 09:00,20127,0
18.11.14 09:30,19075,0
18.11.14 10:00,17883,0
18.11.14 10:30,17581,0
18.11.14 11:00,16559,0
18.11.14 11:30,17870,0
18.11.14 12:00,18097,0
18.11.14 12:30,17714,0
18.11.14 13:00,17104,0
18.11.14 13:30,17999,0
18.11.14 14:00,19071,0
18.11.14 14:30,19197,0
18.11.14 15:00,19000,0
18.11.14 15:30,17013,0
18.11.14 16:00,14962,0
18.11.14 16:30,13727,0
18.11.14 17:00,16826,0
18.11.14 17:30,20320,0
18.11.14 18:00,23167,0
18.11.14 18:30,23782,0
18.11.14 19:00,24068,0
18.11.14 19:30,24831,0
18.11.14 20:00,25564,0
18.11.14 20:30,25300,0
18.11.14 21:00,25503,0
18.11.14 21:30,24598,0
18.11.14 22:00,24120,0
18.11.14 22:30,22641,0
18.11.14 23:00,19722,0
18.11.14 23:30,15507,0
19.11.14 00:00,12079,0
19.11.14 00:30,8561,0
19.11.14 01:00,6632,0
19.11.14 01:30,4846,0
19.11.14 02:00,3996,0
19.11.14 02:30,3339,0
19.11.14 03:00,2594,0
19.11.14 03:30,2315,0
19.11.14 04:00,2462,0
19.11.14 04:30,2077,0
19.11.14 05:00,2448,0
19.11.14 05:30,4656,0
19.11.14 06:00,7055,0
19.11.14 06:30,12903,0
19.11.14 07:00,16639,0
19.11.14 07:30,20585,0
19.11.14 08:00,21833,0
19.11.14 08:30,21453,0
19.11.14 09:00,20023,0
19.11.14 09:30,18790,0
19.11.14 10:00,18382,0
19.11.14 10:30,17956,0
19.11.14 11:00,17477,0
19.11.14 11:30,18590,0
19.11.14 12:00,18409,0
19.11.14 12:30,18020,0
19.11.14 13:00,16950,0
19.11.14 13:30,17826,0
19.11.14 14:00,18105,0
19.11.14 14:30,18187,0
19.11.14 15:00,18565,0
19.11.14 15:30,16454,0
19.11.14 16:00,14355,0
19.11.14 16:30,13109,0
19.11.14 17:00,15924,0
19.11.14 17:30,19175,0
19.11.14 18:00,21521,0
19.11.14 18:30,22762,0
19.11.14 19:00,23889,0
19.11.14 19:30,24408,0
19.11.14 20:00,24501,0
19.11.14 20:30,24316,0
19.11.14 21:00,24362,0
19.11.14 21:30,24032,0
19.11.14 22:00,23174,0
19.11.14 22:30,22453,0
19.11.14 23:00,20964,0
19.11.14 23:30,18142,0
20.11.14 00:00,14466,0
20.11.14 00:30,10771,0
20.11.14 01:00,8100,0
20.11.14 01:30,5976,0
20.11.14 02:00,5000,0
20.11.14 02:30,3727,0
20.11.14 03:00,2984,0
20.11.14 03:30,2584,0
20.11.14 04:00,2591,0
20.11.14 04:30,2253,0
20.11.14 05:00,2489,0
20.11.14 05:30,4419,0
20.11.14 06:00,7014,0
20.11.14 06:30,12470,0
20.11.14 07:00,16549,0
20.11.14 07:30,19879,0
20.11.14 08:00,20437,0
20.11.14 08:30,19549,0
20.11.14 09:00,18639,0
20.11.14 09:30,18683,0
20.11.14 10:00,18486,0
20.11.14 10:30,18014,0
20.11.14 11:00,16720,0
20.11.14 11:30,18570,0
20.11.14 12:00,18309,0
20.11.14 12:30,17294,0
20.11.14 13:00,16699,0
20.11.14 13:30,17819,0
20.11.14 14:00,18227,0
20.11.14 14:30,18586,0
20.11.14 15:00,18078,0
20.11.14 15:30,15656,0
20.11.14 16:00,12989,0
20.11.14 16:30,11740,0
20.11.14 17:00,14934,0
20.11.14 17:30,18494,0
20.11.14 18:00,21215,0
20.11.14 18:30,23643,0
20.11.14 19:00,24623,0
20.11.14 19:30,24564,0
20.11.14 20:00,25305,0
20.11.14 20:30,25039,0
20.11.14 21:00,25351,0
20.11.14 21:30,24526,0
20.11.14 22:00,24739,0
20.11.14 22:30,23638,0
20.11.14 23:00,21861,0
20.11.14 23:30,21500,0
21.11.14 00:00,19838,0
21.11.14 00:30,16307,0
21.11.14 01:00,12324,0
21.11.14 01:30,10006,0
21.11.14 02:00,8077,0
21.11.14 02:30,6355,0
21.11.14 03:00,5091,0
21.11.14 03:30,4247,0
21.11.14 04:00,4440,0
21.11.14 04:30,3089,0
21.11.14 05:00,2930,0
21.11.14 05:30,4782,0
21.11.14 06:00,7250,0
21.11.14 06:30,12167,0
21.11.14 07:00,15235,0
21.11.14 07:30,20053,0
21.11.14 08:00,20654,0
21.11.14 08:30,21158,0
21.11.14 09:00,19863,0
21.11.14 09:30,18775,0
21.11.14 10:00,18346,0
21.11.14 10:30,18645,0
21.11.14 11:00,17986,0
21.11.14 11:30,19070,0
21.11.14 12:00,18901,0
21.11.14 12:30,17585,0
21.11.14 13:00,17309,0
21.11.14 13:30,18226,0
21.11.14 14:00,18788,0
21.11.14 14:30,19103,0
21.11.14 15:00,18261,0
21.11.14 15:30,15945,0
21.11.14 16:00,14181,0
21.11.14 16:30,12992,0
21.11.14 17:00,15847,0
21.11.14 17:30,19426,0
21.11.14 18:00,22514,0
21.11.14 18:30,24457,0
21.11.14 19:00,26156,0
21.11.14 19:30,26677,0
21.11.14 20:00,26217,0
21.11.14 20:30,26289,0
21.11.14 21:00,26370,0
21.11.14 21:30,26344,0
21.11.14 22:00,26736,0
21.11.14 22:30,27093,0
21.11.14 23:00,27569,0
21.11.14 23:30,27064,0
22.11.14 00:00,26220,0
22.11.14 00:30,24289,0
22.11.14 01:00,22849,0
22.11.14 01:30,20731,0
22.11.14 02:00,19081,0
22.11.14 02:30,16573,0
22.11.14 03:00,14188,0
22.11.14 03:30,12213,0
22.11.14 04:00,10145,0
22.11.14 04:30,5902,0
22.11.14 05:00,3983,0
22.11.14 05:30,3556,0
22.11.14 06:00,3651,0
22.11.14 06:30,5153,0
22.11.14 07:00,5379,0
22.11.14 07:30,7174,0
22.11.14 08:00,9070,0
22.11.14 08:30,12114,0
22.11.14 09:00,13665,0
22.11.14 09:30,17463,0
22.11.14 10:00,17209,0
22.11.14 10:30,20299,0
22.11.14 11:00,20255,0
22.11.14 11:30,22981,0
22.11.14 12:00,23368,0
22.11.14 12:30,23444,0
22.11.14 13:00,22610,0
22.11.14 13:30,22258,0
22.11.14 14:00,21160,0
22.11.14 14:30,22960,0
22.11.14 15:00,23007,0
22.11.14 15:30,21145,0
22.11.14 16:00,18440,0
22.11.14 16:30,16028,0
22.11.14 17:00,19101,0
22.11.14 17:30,22361,0
22.11.14 18:00,24256,0
22.11.14 18:30,26410,0
22.11.14 19:00,27377,0
22.11.14 19:30,26255,0
22.11.14 20:00,23977,0
22.11.14 20:30,23565,0
22.11.14 21:00,22703,0
22.11.14 21:30,23078,0
22.11.14 22:00,25755,0
22.11.14 22:30,27028,0
22.11.14 23:00,28126,0
22.11.14 23:30,28472,0
23.11.14 00:00,27424,0
23.11.14 00:30,25493,0
23.11.14 01:00,24876,0
23.11.14 01:30,22639,0
23.11.14 02:00,21013,0
23.11.14 02:30,19100,0
23.11.14 03:00,16662,0
23.11.14 03:30,14489,0
23.11.14 04:00,12023,0
23.11.14 04:30,7069,0
23.11.14 05:00,4453,0
23.11.14 05:30,3483,0
23.11.14 06:00,3479,0
23.11.14 06:30,3968,0
23.11.14 07:00,4092,0
23.11.14 07:30,5877,0
23.11.14 08:00,6845,0
23.11.14 08:30,8283,0
23.11.14 09:00,10231,0
23.11.14 09:30,13189,0
23.11.14 10:00,14458,0
23.11.14 10:30,17284,0
23.11.14 11:00,17800,0
23.11.14 11:30,19509,0
23.11.14 12:00,20547,0
23.11.14 12:30,20211,0
23.11.14 13:00,20041,0
23.11.14 13:30,19619,0
23.11.14 14:00,19947,0
23.11.14 14:30,19844,0
23.11.14 15:00,19088,0
23.11.14 15:30,19237,0
23.11.14 16:00,18316,0
23.11.14 16:30,16996,0
23.11.14 17:00,18134,0
23.11.14 17:30,19633,0
23.11.14 18:00,20204,0
23.11.14 18:30,19810,0
23.11.14 19:00,17925,0
23.11.14 19:30,16938,0
23.11.14 20:00,15096,0
23.11.14 20:30,15539,0
23.11.14 21:00,14806,0
23.11.14 21:30,15035,0
23.11.14 22:00,13285,0
23.11.14 22:30,12090,0
23.11.14 23:00,10552,0
23.11.14 23:30,9136,0
24.11.14 00:00,8106,0
24.11.14 00:30,7020,0
24.11.14 01:00,5562,0
24.11.14 01:30,3917,0
24.11.14 02:00,3592,0
24.11.14 02:30,2637,0
24.11.14 03:00,2031,0
24.11.14 03:30,1900,0
24.11.14 04:00,2172,0
24.11.14 04:30,2008,0
24.11.14 05:00,2546,0
24.11.14 05:30,4409,0
24.11.14 06:00,7269,0
24.11.14 06:30,11863,0
24.11.14 07:00,14244,0
24.11.14 07:30,17238,0
24.11.14 08:00,18382,0
24.11.14 08:30,17940,0
24.11.14 09:00,17447,0
24.11.14 09:30,16773,0
24.11.14 10:00,15319,0
24.11.14 10:30,15867,0
24.11.14 11:00,15751,0
24.11.14 11:30,17462,0
24.11.14 12:00,16292,0
24.11.14 12:30,16317,0
24.11.14 13:00,16104,0
24.11.14 13:30,16967,0
24.11.14 14:00,17035,0
24.11.14 14:30,17976,0
24.11.14 15:00,18230,0
24.11.14 15:30,16521,0
24.11.14 16:00,14887,0
24.11.14 16:30,13707,0
24.11.14 17:00,16596,0
24.11.14 17:30,18683,0
24.11.14 18:00,20289,0
24.11.14 18:30,21377,0
24.11.14 19:00,21962,0
24.11.14 19:30,21126,0
24.11.14 20:00,20531,0
24.11.14 20:30,19217,0
24.11.14 21:00,19353,0
24.11.14 21:30,19109,0
24.11.14 22:00,18814,0
24.11.14 22:30,17036,0
24.11.14 23:00,14147,0
24.11.14 23:30,11595,0
25.11.14 00:00,10091,0
25.11.14 00:30,7575,0
25.11.14 01:00,5977,0
25.11.14 01:30,4705,0
25.11.14 02:00,3796,0
25.11.14 02:30,2894,0
25.11.14 03:00,2471,0
25.11.14 03:30,2115,0
25.11.14 04:00,2474,0
25.11.14 04:30,2285,0
25.11.14 05:00,2538,0
25.11.14 05:30,4380,0
25.11.14 06:00,6537,0
25.11.14 06:30,11238,0
25.11.14 07:00,14764,0
25.11.14 07:30,18187,0
25.11.14 08:00,18885,0
25.11.14 08:30,19188,0
25.11.14 09:00,18398,0
25.11.14 09:30,18057,0
25.11.14 10:00,16899,0
25.11.14 10:30,17137,0
25.11.14 11:00,16203,0
25.11.14 11:30,17742,0
25.11.14 12:00,17843,0
25.11.14 12:30,17866,0
25.11.14 13:00,17548,0
25.11.14 13:30,18306,0
25.11.14 14:00,18577,0
25.11.14 14:30,18506,0
25.11.14 15:00,18691,0
25.11.14 15:30,15729,0
25.11.14 16:00,13396,0
25.11.14 16:30,11923,0
25.11.14 17:00,14463,0
25.11.14 17:30,17026,0
25.11.14 18:00,19078,0
25.11.14 18:30,20439,0
25.11.14 19:00,20776,0
25.11.14 19:30,20941,0
25.11.14 20:00,20209,0
25.11.14 20:30,19987,0
25.11.14 21:00,19952,0
25.11.14 21:30,19234,0
25.11.14 22:00,18455,0
25.11.14 22:30,18097,0
25.11.14 23:00,17461,0
25.11.14 23:30,16002,0
26.11.14 00:00,13400,0
26.11.14 00:30,10978,0
26.11.14 01:00,8613,0
26.11.14 01:30,6446,0
26.11.14 02:00,5205,0
26.11.14 02:30,4118,0
26.11.14 03:00,3510,0
26.11.14 03:30,3249,0
26.11.14 04:00,3698,0
26.11.14 04:30,3584,0
26.11.14 05:00,3622,0
26.11.14 05:30,4987,0
26.11.14 06:00,7213,0
26.11.14 06:30,10827,0
26.11.14 07:00,14141,0
26.11.14 07:30,16965,0
26.11.14 08:00,19391,0
26.11.14 08:30,19557,0
26.11.14 09:00,19067,0
26.11.14 09:30,18807,0
26.11.14 10:00,18232,0
26.11.14 10:30,18999,0
26.11.14 11:00,18896,0
26.11.14 11:30,19764,0
26.11.14 12:00,20227,0
26.11.14 12:30,19602,0
26.11.14 13:00,20456,0
26.11.14 13:30,19580,0
26.11.14 14:00,19156,0
26.11.14 14:30,19572,0
26.11.14 15:00,18925,0
26.11.14 15:30,17545,0
26.11.14 16:00,15465,0
26.11.14 16:30,14104,0
26.11.14 17:00,16996,0
26.11.14 17:30,20113,0
26.11.14 18:00,21015,0
26.11.14 18:30,21580,0
26.11.14 19:00,22501,0
26.11.14 19:30,21159,0
26.11.14 20:00,18991,0
26.11.14 20:30,18046,0
26.11.14 21:00,18300,0
26.11.14 21:30,18538,0
26.11.14 22:00,17170,0
26.11.14 22:30,17081,0
26.11.14 23:00,15613,0
26.11.14 23:30,13718,0
27.11.14 00:00,13522,0
27.11.14 00:30,11323,0
27.11.14 01:00,10315,0
27.11.14 01:30,8870,0
27.11.14 02:00,8150,0
27.11.14 02:30,7209,0
27.11.14 03:00,6018,0
27.11.14 03:30,5819,0
27.11.14 04:00,5291,0
27.11.14 04:30,4127,0
27.11.14 05:00,3540,0
27.11.14 05:30,3715,0
27.11.14 06:00,4613,0
27.11.14 06:30,5500,0
27.11.14 07:00,5955,0
27.11.14 07:30,6512,0
27.11.14 08:00,7076,0
27.11.14 08:30,7813,0
27.11.14 09:00,8365,0
27.11.14 09:30,9013,0
27.11.14 10:00,9695,0
27.11.14 10:30,11389,0
27.11.14 11:00,12701,0
27.11.14 11:30,13400,0
27.11.14 12:00,13282,0
27.11.14 12:30,13542,0
27.11.14 13:00,13538,0
27.11.14 13:30,13663,0
27.11.14 14:00,13980,0
27.11.14 14:30,14673,0
27.11.14 15:00,14614,0
27.11.14 15:30,15255,1
27.11.14 16:00,13560,0
27.11.14 16:30,13120,0
27.11.14 17:00,13273,0
27.11.14 17:30,13334,0
27.11.14 18:00,12930,0
27.11.14 18:30,13683,0
27.11.14 19:00,13682,0
27.11.14 19:30,14106,0
27.11.14 20:00,14088,0
27.11.14 20:30,14417,0
27.11.14 21:00,15187,0
27.11.14 21:30,15280,0
27.11.14 22:00,15654,0
27.11.14 22:30,13989,0
27.11.14 23:00,12592,0
27.11.14 23:30,11811,0
28.11.14 00:00,9653,0
28.11.14 00:30,7791,0
28.11.14 01:00,6862,0
28.11.14 01:30,5644,0
28.11.14 02:00,4639,0
28.11.14 02:30,3673,0
28.11.14 03:00,2945,0
28.11.14 03:30,2875,0
28.11.14 04:00,2883,0
28.11.14 04:30,2165,0
28.11.14 05:00,1902,0
28.11.14 05:30,2226,0
28.11.14 06:00,2870,0
28.11.14 06:30,4313,0
28.11.14 07:00,4936,0
28.11.14 07:30,6240,0
28.11.14 08:00,7376,0
28.11.14 08:30,8850,0
28.11.14 09:00,9864,0
28.11.14 09:30,10863,0
28.11.14 10:00,11900,0
28.11.14 10:30,12969,0
28.11.14 11:00,14045,0
28.11.14 11:30,15281,0
28.11.14 12:00,16153,0
28.11.14 12:30,17025,0
28.11.14 13:00,17596,0
28.11.14 13:30,18437,0
28.11.14 14:00,17777,0
28.11.14 14:30,18774,0
28.11.14 15:00,18868,0
28.11.14 15:30,19046,0
28.11.14 16:00,17706,0
28.11.14 16:30,16591,0
28.11.14 17:00,18951,0
28.11.14 17:30,20519,0
28.11.14 18:00,20626,0
28.11.14 18:30,21227,0
28.11.14 19:00,22716,0
28.11.14 19:30,21044,0
28.11.14 20:00,18862,0
28.11.14 20:30,18821,0
28.11.14 21:00,18485,0
28.11.14 21:30,18416,0
28.11.14 22:00,19806,0
28.11.14 22:30,19671,0
28.11.14 23:00,19234,0
28.11.14 23:30,17725,0
29.11.14 00:00,16089,0
29.11.14 00:30,14561,0
29.11.14 01:00,13292,0
29.11.14 01:30,12000,0
29.11.14 02:00,10967,0
29.11.14 02:30,9747,0
29.11.14 03:00,8556,0
29.11.14 03:30,8342,0
29.11.14 04:00,7178,0
29.11.14 04:30,4441,0
29.11.14 05:00,2747,0
29.11.14 05:30,2489,0
29.11.14 06:00,2283,0
29.11.14 06:30,3109,0
29.11.14 07:00,3380,0
29.11.14 07:30,4628,0
29.11.14 08:00,5291,0
29.11.14 08:30,7405,0
29.11.14 09:00,9044,0
29.11.14 09:30,11193,0
29.11.14 10:00,12541,0
29.11.14 10:30,15281,0
29.11.14 11:00,15551,0
29.11.14 11:30,17665,0
29.11.14 12:00,18499,0
29.11.14 12:30,18680,0
29.11.14 13:00,19621,0
29.11.14 13:30,19830,0
29.11.14 14:00,19187,0
29.11.14 14:30,19999,0
29.11.14 15:00,19722,0
29.11.14 15:30,20600,0
29.11.14 16:00,19125,0
29.11.14 16:30,16658,0
29.11.14 17:00,18684,0
29.11.14 17:30,20891,0
29.11.14 18:00,21554,0
29.11.14 18:30,22678,0
29.11.14 19:00,24055,0
29.11.14 19:30,23418,0
29.11.14 20:00,20196,0
29.11.14 20:30,19676,0
29.11.14 21:00,19566,0
29.11.14 21:30,19272,0
29.11.14 22:00,20686,0
29.11.14 22:30,21659,0
29.11.14 23:00,21154,0
29.11.14 23:30,21170,0
30.11.14 00:00,20149,0
30.11.14 00:30,18555,0
30.11.14 01:00,17768,0
30.11.14 01:30,15608,0
30.11.14 02:00,14966,0
30.11.14 02:30,13074,0
30.11.14 03:00,11332,0
30.11.14 03:30,9965,0
30.11.14 04:00,9167,0
30.11.14 04:30,5520,0
30.11.14 05:00,3812,0
30.11.14 05:30,3123,0
30.11.14 06:00,3103,0
30.11.14 06:30,3777,0
30.11.14 07:00,3699,0
30.11.14 07:30,4968,0
30.11.14 08:00,5630,0
30.11.14 08:30,7422,0
30.11.14 09:00,9123,0
30.11.14 09:30,10981,0
30.11.14 10:00,12227,0
30.11.14 10:30,15247,0
30.11.14 11:00,14970,0
30.11.14 11:30,16912,0
30.11.14 12:00,17420,0
30.11.14 12:30,18336,0
30.11.14 13:00,18091,0
30.11.14 13:30,17841,0
30.11.14 14:00,18946,0
30.11.14 14:30,19156,0
30.11.14 15:00,18159,0
30.11.14 15:30,17805,0
30.11.14 16:00,16838,0
30.11.14 16:30,15906,0
30.11.14 17:00,16917,0
30.11.14 17:30,17670,0
30.11.14 18:00,17941,0
30.11.14 18:30,18093,0
30.11.14 19:00,17587,0
30.11.14 19:30,16867,0
30.11.14 20:00,15693,0
30.11.14 20:30,15342,0
30.11.14 21:00,13821,0
30.11.14 21:30,14083,0
30.11.14 22:00,13714,0
30.11.14 22:30,12119,0
30.11.14 23:00,9904,0
30.11.14 23:30,8970,0
01.12.14 00:00,7706,0
01.12.14 00:30,5494,0
01.12.14 01:00,4249,0
01.12.14 01:30,2891,0
01.12.14 02:00,2632,0
01.12.14 02:30,2192,0
01.12.14 03:00,1648,0
01.12.14 03:30,1639,0
01.12.14 04:00,1913,0
01.12.14 04:30,2142,0
01.12.14 05:00,2909,0
01.12.14 05:30,4587,0
01.12.14 06:00,7235,0
01.12.14 06:30,11448,0
01.12.14 07:00,14106,0
01.12.14 07:30,17184,0
01.12.14 08:00,18306,0
01.12.14 08:30,18746,0
01.12.14 09:00,17914,0
01.12.14 09:30,16699,0
01.12.14 10:00,15681,0
01.12.14 10:30,15210,0
01.12.14 11:00,14532,0
01.12.14 11:30,15985,0
01.12.14 12:00,16226,0
01.12.14 12:30,16000,0
01.12.14 13:00,15641,0
01.12.14 13:30,16373,0
01.12.14 14:00,16830,0
01.12.14 14:30,17470,0
01.12.14 15:00,18131,0
01.12.14 15:30,16870,0
01.12.14 16:00,15192,0
01.12.14 16:30,14453,0
01.12.14 17:00,17382,0
01.12.14 17:30,19815,0
01.12.14 18:00,21750,0
01.12.14 18:30,22217,0
01.12.14 19:00,21813,0
01.12.14 19:30,21536,0
01.12.14 20:00,22541,0
01.12.14 20:30,21329,0
01.12.14 21:00,20165,0
01.12.14 21:30,19498,0
01.12.14 22:00,19355,0
01.12.14 22:30,16691,0
01.12.14 23:00,14387,0
01.12.14 23:30,12101,0
02.12.14 00:00,9805,0
02.12.14 00:30,7121,0
02.12.14 01:00,5019,0
02.12.14 01:30,3822,0
02.12.14 02:00,3268,0
02.12.14 02:30,2261,0
02.12.14 03:00,1853,0
02.12.14 03:30,1722,0
02.12.14 04:00,2077,0
02.12.14 04:30,1988,0
02.12.14 05:00,2296,0
02.12.14 05:30,4537,0
02.12.14 06:00,6661,0
02.12.14 06:30,11901,0
02.12.14 07:00,15501,0
02.12.14 07:30,19573,0
02.12.14 08:00,20896,0
02.12.14 08:30,21051,0
02.12.14 09:00,19670,0
02.12.14 09:30,18654,0
02.12.14 10:00,17108,0
02.12.14 10:30,17553,0
02.12.14 11:00,16232,0
02.12.14 11:30,17534,0
02.12.14 12:00,17697,0
02.12.14 12:30,19165,0
02.12.14 13:00,18916,0
02.12.14 13:30,19543,0
02.12.14 14:00,18570,0
02.12.14 14:30,19043,0
02.12.14 15:00,18343,0
02.12.14 15:30,16666,0
02.12.14 16:00,14050,0
02.12.14 16:30,12845,0
02.12.14 17:00,16111,0
02.12.14 17:30,19112,0
02.12.14 18:00,21205,0
02.12.14 18:30,22337,0
02.12.14 19:00,23340,0
02.12.14 19:30,23082,0
02.12.14 20:00,23718,0
02.12.14 20:30,22936,0
02.12.14 21:00,23466,0
02.12.14 21:30,23387,0
02.12.14 22:00,22893,0
02.12.14 22:30,20923,0
02.12.14 23:00,18684,0
02.12.14 23:30,14962,0
03.12.14 00:00,12558,0
03.12.14 00:30,8876,0
03.12.14 01:00,6626,0
03.12.14 01:30,4926,0
03.12.14 02:00,4046,0
03.12.14 02:30,3168,0
03.12.14 03:00,2692,0
03.12.14 03:30,2237,0
03.12.14 04:00,2384,0
03.12.14 04:30,2109,0
03.12.14 05:00,2403,0
03.12.14 05:30,4250,0
03.12.14 06:00,6529,0
03.12.14 06:30,12185,0
03.12.14 07:00,16016,0
03.12.14 07:30,19504,0
03.12.14 08:00,20925,0
03.12.14 08:30,20891,0
03.12.14 09:00,20047,0
03.12.14 09:30,19138,0
03.12.14 10:00,18431,0
03.12.14 10:30,16960,0
03.12.14 11:00,16426,0
03.12.14 11:30,18092,0
03.12.14 12:00,19190,0
03.12.14 12:30,18957,0
03.12.14 13:00,18288,0
03.12.14 13:30,18843,0
03.12.14 14:00,19003,0
03.12.14 14:30,18193,0
03.12.14 15:00,17260,0
03.12.14 15:30,15103,0
03.12.14 16:00,12941,0
03.12.14 16:30,11797,0
03.12.14 17:00,15545,0
03.12.14 17:30,17938,0
03.12.14 18:00,20693,0
03.12.14 18:30,21585,0
03.12.14 19:00,21689,0
03.12.14 19:30,21995,0
03.12.14 20:00,22096,0
03.12.14 20:30,22115,0
03.12.14 21:00,21860,0
03.12.14 21:30,22041,0
03.12.14 22:00,21680,0
03.12.14 22:30,21378,0
03.12.14 23:00,20295,0
03.12.14 23:30,18176,0
04.12.14 00:00,14846,0
04.12.14 00:30,11480,0
04.12.14 01:00,8939,0
04.12.14 01:30,6679,0
04.12.14 02:00,5175,0
04.12.14 02:30,3800,0
04.12.14 03:00,3135,0
04.12.14 03:30,2671,0
04.12.14 04:00,2843,0
04.12.14 04:30,2476,0
04.12.14 05:00,2670,0
04.12.14 05:30,4521,0
04.12.14 06:00,6841,0
04.12.14 06:30,12178,0
04.12.14 07:00,15916,0
04.12.14 07:30,19872,0
04.12.14 08:00,20957,0
04.12.14 08:30,20358,0
04.12.14 09:00,19717,0
04.12.14 09:30,18943,0
04.12.14 10:00,18082,0
04.12.14 10:30,18560,0
04.12.14 11:00,17316,0
04.12.14 11:30,18817,0
04.12.14 12:00,18439,0
04.12.14 12:30,17771,0
04.12.14 13:00,17214,0
04.12.14 13:30,17836,0
04.12.14 14:00,18676,0
04.12.14 14:30,19241,0
04.12.14 15:00,19068,0
04.12.14 15:30,16567,0
04.12.14 16:00,14529,0
04.12.14 16:30,12862,0
04.12.14 17:00,16086,0
04.12.14 17:30,19221,0
04.12.14 18:00,21408,0
04.12.14 18:30,23385,0
04.12.14 19:00,23604,0
04.12.14 19:30,23384,0
04.12.14 20:00,23209,0
04.12.14 20:30,22592,0
04.12.14 21:00,23164,0
04.12.14 21:30,23638,0
04.12.14 22:00,23192,0
04.12.14 22:30,22417,0
04.12.14 23:00,22630,0
04.12.14 23:30,21278,0
05.12.14 00:00,19300,0
05.12.14 00:30,16241,0
05.12.14 01:00,12966,0
05.12.14 01:30,10322,0
05.12.14 02:00,8160,0
05.12.14 02:30,6611,0
05.12.14 03:00,5410,0
05.12.14 03:30,4453,0
05.12.14 04:00,4287,0
05.12.14 04:30,3250,0
05.12.14 05:00,3396,0
05.12.14 05:30,4846,0
05.12.14 06:00,7090,0
05.12.14 06:30,11832,0
05.12.14 07:00,15506,0
05.12.14 07:30,20211,0
05.12.14 08:00,21053,0
05.12.14 08:30,20635,0
05.12.14 09:00,20128,0
05.12.14 09:30,18838,0
05.12.14 10:00,17936,0
05.12.14 10:30,18210,0
05.12.14 11:00,17653,0
05.12.14 11:30,18847,0
05.12.14 12:00,18814,0
05.12.14 12:30,17478,0
05.12.14 13:00,18029,0
05.12.14 13:30,18953,0
05.12.14 14:00,19684,0
05.12.14 14:30,19747,0
05.12.14 15:00,18464,0
05.12.14 15:30,16396,0
05.12.14 16:00,14436,0
05.12.14 16:30,13461,0
05.12.14 17:00,17047,0
05.12.14 17:30,20614,0
05.12.14 18:00,23322,0
05.12.14 18:30,25791,0
05.12.14 19:00,26650,0
05.12.14 19:30,26971,0
05.12.14 20:00,26688,0
05.12.14 20:30,25508,0
05.12.14 21:00,26284,0
05.12.14 21:30,26978,0
05.12.14 22:00,26983,0
05.12.14 22:30,25438,0
05.12.14 23:00,24914,0
05.12.14 23:30,24165,0
06.12.14 00:00,22925,0
06.12.14 00:30,22187,0
06.12.14 01:00,21493,0
06.12.14 01:30,19021,0
06.12.14 02:00,18009,0
06.12.14 02:30,15786,0
06.12.14 03:00,13114,0
06.12.14 03:30,10541,0
06.12.14 04:00,9296,0
06.12.14 04:30,5388,0
06.12.14 05:00,3578,0
06.12.14 05:30,3205,0
06.12.14 06:00,3427,0
06.12.14 06:30,4666,0
06.12.14 07:00,5262,0
06.12.14 07:30,7841,0
06.12.14 08:00,8786,0
06.12.14 08:30,11893,0
06.12.14 09:00,12849,0
06.12.14 09:30,16411,0
06.12.14 10:00,16917,0
06.12.14 10:30,19706,0
06.12.14 11:00,22924,0
06.12.14 11:30,26224,0
06.12.14 12:00,25548,0
06.12.14 12:30,24376,0
06.12.14 13:00,24464,0
06.12.14 13:30,23825,0
06.12.14 14:00,24235,0
06.12.14 14:30,24001,0
06.12.14 15:00,23877,0
06.12.14 15:30,21761,0
06.12.14 16:00,18277,0
06.12.14 16:30,15670,0
06.12.14 17:00,18411,0
06.12.14 17:30,21332,0
06.12.14 18:00,23306,0
06.12.14 18:30,24856,0
06.12.14 19:00,25798,0
06.12.14 19:30,25274,0
06.12.14 20:00,25158,0
06.12.14 20:30,24164,0
06.12.14 21:00,23771,0
06.12.14 21:30,24363,0
06.12.14 22:00,25705,0
06.12.14 22:30,26429,0
06.12.14 23:00,27272,0
06.12.14 23:30,27636,0
07.12.14 00:00,26695,0
07.12.14 00:30,25626,0
07.12.14 01:00,24285,0
07.12.14 01:30,22249,0
07.12.14 02:00,20741,0
07.12.14 02:30,18554,0
07.12.14 03:00,15770,0
07.12.14 03:30,13976,0
07.12.14 04:00,11368,0
07.12.14 04:30,6531,0
07.12.14 05:00,3929,0
07.12.14 05:30,3236,0
07.12.14 06:00,3177,0
07.12.14 06:30,3757,0
07.12.14 07:00,4042,0
07.12.14 07:30,5401,0
07.12.14 08:00,6483,0
07.12.14 08:30,9264,0
07.12.14 09:00,11497,0
07.12.14 09:30,14585,0
07.12.14 10:00,16159,0
07.12.14 10:30,20205,0
07.12.14 11:00,21146,0
07.12.14 11:30,22387,0
07.12.14 12:00,23081,0
07.12.14 12:30,23163,0
07.12.14 13:00,22660,0
07.12.14 13:30,22127,0
07.12.14 14:00,22237,0
07.12.14 14:30,22193,0
07.12.14 15:00,21252,0
07.12.14 15:30,20818,0
07.12.14 16:00,19110,0
07.12.14 16:30,17255,0
07.12.14 17:00,18368,0
07.12.14 17:30,20327,0
07.12.14 18:00,21411,0
07.12.14 18:30,21379,0
07.12.14 19:00,21735,0
07.12.14 19:30,20031,0
07.12.14 20:00,18305,0
07.12.14 20:30,17961,0
07.12.14 21:00,17334,0
07.12.14 21:30,17401,0
07.12.14 22:00,17020,0
07.12.14 22:30,14661,0
07.12.14 23:00,12367,0
07.12.14 23:30,10891,0
08.12.14 00:00,8141,0
08.12.14 00:30,6411,0
08.12.14 01:00,4762,0
08.12.14 01:30,3616,0
08.12.14 02:00,3130,0
08.12.14 02:30,2273,0
08.12.14 03:00,2031,0
08.12.14 03:30,1788,0
08.12.14 04:00,2203,0
08.12.14 04:30,2270,0
08.12.14 05:00,2727,0
08.12.14 05:30,4686,0
08.12.14 06:00,6827,0
08.12.14 06:30,11984,0
08.12.14 07:00,14644,0
08.12.14 07:30,18338,0
08.12.14 08:00,19590,0
08.12.14 08:30,19762,0
08.12.14 09:00,19372,0
08.12.14 09:30,18754,0
08.12.14 10:00,17736,0
08.12.14 10:30,17624,0
08.12.14 11:00,16856,0
08.12.14 11:30,18005,0
08.12.14 12:00,18028,0
08.12.14 12:30,17733,0
08.12.14 13:00,17678,0
08.12.14 13:30,18275,0
08.12.14 14:00,18070,0
08.12.14 14:30,19038,0
08.12.14 15:00,18998,0
08.12.14 15:30,16932,0
08.12.14 16:00,15201,0
08.12.14 16:30,14426,0
08.12.14 17:00,16942,0
08.12.14 17:30,19768,0
08.12.14 18:00,21911,0
08.12.14 18:30,22917,0
08.12.14 19:00,23371,0
08.12.14 19:30,23343,0
08.12.14 20:00,22358,0
08.12.14 20:30,22302,0
08.12.14 21:00,22712,0
08.12.14 21:30,22329,0
08.12.14 22:00,21979,0
08.12.14 22:30,19387,0
08.12.14 23:00,17494,0
08.12.14 23:30,13745,0
09.12.14 00:00,11339,0
09.12.14 00:30,8699,0
09.12.14 01:00,6796,0
09.12.14 01:30,5236,0
09.12.14 02:00,3800,0
09.12.14 02:30,3042,0
09.12.14 03:00,2532,0
09.12.14 03:30,2258,0
09.12.14 04:00,2212,0
09.12.14 04:30,2135,0
09.12.14 05:00,2592,0
09.12.14 05:30,4617,0
09.12.14 06:00,8006,0
09.12.14 06:30,13619,0
09.12.14 07:00,16700,0
09.12.14 07:30,19651,0
09.12.14 08:00,20630,0
09.12.14 08:30,21217,0
09.12.14 09:00,19857,0
09.12.14 09:30,18753,0
09.12.14 10:00,17813,0
09.12.14 10:30,17833,0
09.12.14 11:00,17164,0
09.12.14 11:30,18181,0
09.12.14 12:00,17482,0
09.12.14 12:30,15676,0
09.12.14 13:00,16018,0
09.12.14 13:30,17066,0
09.12.14 14:00,17654,0
09.12.14 14:30,17696,0
09.12.14 15:00,16781,0
09.12.14 15:30,14189,0
09.12.14 16:00,12461,0
09.12.14 16:30,12252,0
09.12.14 17:00,15431,0
09.12.14 17:30,18137,0
09.12.14 18:00,20649,0
09.12.14 18:30,21989,0
09.12.14 19:00,22350,0
09.12.14 19:30,22177,0
09.12.14 20:00,22991,0
09.12.14 20:30,22128,0
09.12.14 21:00,23207,0
09.12.14 21:30,23091,0
09.12.14 22:00,22616,0
09.12.14 22:30,21118,0
09.12.14 23:00,19301,0
09.12.14 23:30,16789,0
10.12.14 00:00,14252,0
10.12.14 00:30,10138,0
10.12.14 01:00,7847,0
10.12.14 01:30,5782,0
10.12.14 02:00,4951,0
10.12.14 02:30,3696,0
10.12.14 03:00,2833,0
10.12.14 03:30,2375,0
10.12.14 04:00,2533,0
10.12.14 04:30,2423,0
10.12.14 05:00,2512,0
10.12.14 05:30,4337,0
10.12.14 06:00,6721,0
10.12.14 06:30,11812,0
10.12.14 07:00,16054,0
10.12.14 07:30,19337,0
10.12.14 08:00,21348,0
10.12.14 08:30,21167,0
10.12.14 09:00,20051,0
10.12.14 09:30,18809,0
10.12.14 10:00,17812,0
10.12.14 10:30,17889,0
10.12.14 11:00,17482,0
10.12.14 11:30,18775,0
10.12.14 12:00,18351,0
10.12.14 12:30,17604,0
10.12.14 13:00,17729,0
10.12.14 13:30,17499,0
10.12.14 14:00,17558,0
10.12.14 14:30,18070,0
10.12.14 15:00,17422,0
10.12.14 15:30,14666,0
10.12.14 16:00,12252,0
10.12.14 16:30,11174,0
10.12.14 17:00,13853,0
10.12.14 17:30,16962,0
10.12.14 18:00,19708,0
10.12.14 18:30,20764,0
10.12.14 19:00,21802,0
10.12.14 19:30,22239,0
10.12.14 20:00,22169,0
10.12.14 20:30,23923,0
10.12.14 21:00,24403,0
10.12.14 21:30,24211,0
10.12.14 22:00,23439,0
10.12.14 22:30,23394,0
10.12.14 23:00,21701,0
10.12.14 23:30,19727,0
11.12.14 00:00,17270,0
11.12.14 00:30,13379,0
11.12.14 01:00,10314,0
11.12.14 01:30,7470,0
11.12.14 02:00,6039,0
11.12.14 02:30,4322,0
11.12.14 03:00,3461,0
11.12.14 03:30,2872,0
11.12.14 04:00,2854,0
11.12.14 04:30,2422,0
11.12.14 05:00,2578,0
11.12.14 05:30,4513,0
11.12.14 06:00,6672,0
11.12.14 06:30,12358,0
11.12.14 07:00,15790,0
11.12.14 07:30,19441,0
11.12.14 08:00,20920,0
11.12.14 08:30,20665,0
11.12.14 09:00,19708,0
11.12.14 09:30,20066,0
11.12.14 10:00,18424,0
11.12.14 10:30,18403,0
11.12.14 11:00,17621,0
11.12.14 11:30,18994,0
11.12.14 12:00,18845,0
11.12.14 12:30,17937,0
11.12.14 13:00,17974,0
11.12.14 13:30,18671,0
11.12.14 14:00,19082,0
11.12.14 14:30,20224,0
11.12.14 15:00,18966,0
11.12.14 15:30,16165,0
11.12.14 16:00,14013,0
11.12.14 16:30,12246,0
11.12.14 17:00,15021,0
11.12.14 17:30,18834,0
11.12.14 18:00,21115,0
11.12.14 18:30,22746,0
11.12.14 19:00,23679,0
11.12.14 19:30,23992,0
11.12.14 20:00,23597,0
11.12.14 20:30,23581,0
11.12.14 21:00,24093,0
11.12.14 21:30,24130,0
11.12.14 22:00,24027,0
11.12.14 22:30,23575,0
11.12.14 23:00,22502,0
11.12.14 23:30,22049,0
12.12.14 00:00,20667,0
12.12.14 00:30,19265,0
12.12.14 01:00,16192,0
12.12.14 01:30,12814,0
12.12.14 02:00,10410,0
12.12.14 02:30,8218,0
12.12.14 03:00,6335,0
12.12.14 03:30,5377,0
12.12.14 04:00,4659,0
12.12.14 04:30,3597,0
12.12.14 05:00,3208,0
12.12.14 05:30,4698,0
12.12.14 06:00,6900,0
12.12.14 06:30,12308,0
12.12.14 07:00,15444,0
12.12.14 07:30,19511,0
12.12.14 08:00,20489,0
12.12.14 08:30,20834,0
12.12.14 09:00,19854,0
12.12.14 09:30,18687,0
12.12.14 10:00,18014,0
12.12.14 10:30,18564,0
12.12.14 11:00,18237,0
12.12.14 11:30,18916,0
12.12.14 12:00,18244,0
12.12.14 12:30,16850,0
12.12.14 13:00,17845,0
12.12.14 13:30,18162,0
12.12.14 14:00,19043,0
12.12.14 14:30,19128,0
12.12.14 15:00,18287,0
12.12.14 15:30,15667,0
12.12.14 16:00,13938,0
12.12.14 16:30,12626,0
12.12.14 17:00,15807,0
12.12.14 17:30,19375,0
12.12.14 18:00,21905,0
12.12.14 18:30,24008,0
12.12.14 19:00,25410,0
12.12.14 19:30,25568,0
12.12.14 20:00,24888,0
12.12.14 20:30,25190,0
12.12.14 21:00,25350,0
12.12.14 21:30,25927,0
12.12.14 22:00,26737,0
12.12.14 22:30,26771,0
12.12.14 23:00,26180,0
12.12.14 23:30,25739,0
13.12.14 00:00,24743,0
13.12.14 00:30,24285,0
13.12.14 01:00,22826,0
13.12.14 01:30,21266,0
13.12.14 02:00,19907,0
13.12.14 02:30,17053,0
13.12.14 03:00,14423,0
13.12.14 03:30,12363,0
13.12.14 04:00,10600,0
13.12.14 04:30,6501,0
13.12.14 05:00,4211,0
13.12.14 05:30,3425,0
13.12.14 06:00,3475,0
13.12.14 06:30,5132,0
13.12.14 07:00,4986,0
13.12.14 07:30,7716,0
13.12.14 08:00,8873,0
13.12.14 08:30,12361,0
13.12.14 09:00,13217,0
13.12.14 09:30,17706,0
13.12.14 10:00,19199,0
13.12.14 10:30,21605,0
13.12.14 11:00,22106,0
13.12.14 11:30,23452,0
13.12.14 12:00,24095,0
13.12.14 12:30,24114,0
13.12.14 13:00,24368,0
13.12.14 13:30,23648,0
13.12.14 14:00,22929,0
13.12.14 14:30,22531,0
13.12.14 15:00,21489,0
13.12.14 15:30,19081,0
13.12.14 16:00,15734,0
13.12.14 16:30,13140,0
13.12.14 17:00,15041,0
13.12.14 17:30,17961,0
13.12.14 18:00,20757,0
13.12.14 18:30,22233,0
13.12.14 19:00,23550,0
13.12.14 19:30,24311,0
13.12.14 20:00,24320,0
13.12.14 20:30,23465,0
13.12.14 21:00,24125,0
13.12.14 21:30,24696,0
13.12.14 22:00,24848,0
13.12.14 22:30,25952,0
13.12.14 23:00,26481,0
13.12.14 23:30,26376,0
14.12.14 00:00,26065,0
14.12.14 00:30,25745,0
14.12.14 01:00,24053,0
14.12.14 01:30,22288,0
14.12.14 02:00,21263,0
14.12.14 02:30,18637,0
14.12.14 03:00,16106,0
14.12.14 03:30,13609,0
14.12.14 04:00,11786,0
14.12.14 04:30,6978,0
14.12.14 05:00,4468,0
14.12.14 05:30,3728,0
14.12.14 06:00,3611,0
14.12.14 06:30,3909,0
14.12.14 07:00,4139,0
14.12.14 07:30,5583,0
14.12.14 08:00,6831,0
14.12.14 08:30,8929,0
14.12.14 09:00,10358,0
14.12.14 09:30,14261,0
14.12.14 10:00,16254,0
14.12.14 10:30,19993,0
14.12.14 11:00,20203,0
14.12.14 11:30,21630,0
14.12.14 12:00,22210,0
14.12.14 12:30,22458,0
14.12.14 13:00,21793,0
14.12.14 13:30,21177,0
14.12.14 14:00,20831,0
14.12.14 14:30,20577,0
14.12.14 15:00,20293,0
14.12.14 15:30,18839,0
14.12.14 16:00,17406,0
14.12.14 16:30,15292,0
14.12.14 17:00,16443,0
14.12.14 17:30,17727,0
14.12.14 18:00,18988,0
14.12.14 18:30,19533,0
14.12.14 19:00,19548,0
14.12.14 19:30,18055,0
14.12.14 20:00,17006,0
14.12.14 20:30,16671,0
14.12.14 21:00,16007,0
14.12.14 21:30,16344,0
14.12.14 22:00,15913,0
14.12.14 22:30,14327,0
14.12.14 23:00,12060,0
14.12.14 23:30,10952,0
15.12.14 00:00,9228,0
15.12.14 00:30,6754,0
15.12.14 01:00,5230,0
15.12.14 01:30,4058,0
15.12.14 02:00,3386,0
15.12.14 02:30,2854,0
15.12.14 03:00,2088,0
15.12.14 03:30,2063,0
15.12.14 04:00,2573,0
15.12.14 04:30,2606,0
15.12.14 05:00,3027,0
15.12.14 05:30,4795,0
15.12.14 06:00,7029,0
15.12.14 06:30,11534,0
15.12.14 07:00,14434,0
15.12.14 07:30,17808,0
15.12.14 08:00,18371,0
15.12.14 08:30,18743,0
15.12.14 09:00,17992,0
15.12.14 09:30,17405,0
15.12.14 10:00,16508,0
15.12.14 10:30,15778,0
15.12.14 11:00,15424,0
15.12.14 11:30,16627,0
15.12.14 12:00,16484,0
15.12.14 12:30,16637,0
15.12.14 13:00,16135,0
15.12.14 13:30,16513,0
15.12.14 14:00,17025,0
15.12.14 14:30,18231,0
15.12.14 15:00,17722,0
15.12.14 15:30,16477,0
15.12.14 16:00,14298,0
15.12.14 16:30,13229,0
15.12.14 17:00,15523,0
15.12.14 17:30,17795,0
15.12.14 18:00,20424,0
15.12.14 18:30,21017,0
15.12.14 19:00,21475,0
15.12.14 19:30,22549,0
15.12.14 20:00,21924,0
15.12.14 20:30,21131,0
15.12.14 21:00,21393,0
15.12.14 21:30,21577,0
15.12.14 22:00,21019,0
15.12.14 22:30,18908,0
15.12.14 23:00,17370,0
15.12.14 23:30,13782,0
